地点,取得時間,AQI値,大気質ステータス,主要汚染物質,PM2.5,PM10,O3,NO2,温度,湿度,気圧,風速,降水量
神戸市 須磨区,2025-04-12 17:49:51,55.0,平常値,30.0,55.0,19.0,51.0,9.0,17.0,77.0,998.0,3.0,0.0
神戸市 須磨区,2025-04-12 18:03:06,57.0,平常値,30.0,57.0,20.0,46.0,18.0,17.0,77.0,998.0,3.0,0.0
神戸市 須磨区,2025-04-12 19:37:11,55.0,平常値,30.0,55.0,18.0,55.0,8.0,17.0,77.0,998.0,3.0,0.0
神戸市 須磨区,2025-04-12 20:56:18,57.0,平常値,30.0,57.0,17.0,53.0,9.0,17.0,77.0,998.0,3.0,0.0
神戸市 須磨区,2025-04-12 22:00:06,59.0,平常値,30.0,59.0,21.0,44.0,16.0,17.0,77.0,998.0,3.0,0.0
神戸市 須磨区,2025-04-12 23:00:07,55.0,平常値,30.0,55.0,16.0,44.0,12.0,17.0,77.0,998.0,3.0,0.0
神戸市 須磨区,2025-04-13 00:00:08,46.0,良い,30.0,46.0,16.0,47.0,8.0,17.0,77.0,998.0,3.0,0.0
神戸市 須磨区,2025-04-13 01:00:07,42.0,良い,30.0,42.0,16.0,47.0,7.0,17.0,77.0,998.0,3.0,0.0
神戸市 須磨区,2025-04-13 01:15:08,61.0,平常値,30.0,61.0,18.0,32.0,19.0,17.0,77.0,998.0,3.0,0.0
神戸市 須磨区,2025-04-13 02:30:07,59.0,平常値,30.0,59.0,20.0,30.0,19.0,17.0,77.0,998.0,3.0,0.0
神戸市 須磨区,2025-04-13 03:30:07,59.0,平常値,30.0,59.0,17.0,38.0,11.0,17.0,77.0,998.0,3.0,0.0
神戸市 須磨区,2025-04-13 04:30:07,68.0,平常値,30.0,68.0,20.0,30.0,17.0,17.0,77.0,998.0,3.0,0.0
神戸市 須磨区,2025-04-13 05:30:08,61.0,平常値,30.0,61.0,18.0,32.0,14.0,17.0,77.0,998.0,3.0,0.0
神戸市 須磨区,2025-04-13 06:30:07,50.0,平常値,30.0,50.0,17.0,38.0,8.0,17.0,77.0,998.0,3.0,0.0
神戸市 須磨区,2025-04-13 07:30:07,42.0,良い,30.0,42.0,10.0,43.0,7.0,17.0,77.0,998.0,3.0,0.0
神戸市 須磨区,2025-04-13 08:45:08,42.0,良い,30.0,42.0,12.0,39.0,9.0,17.0,77.0,998.0,3.0,0.0
神戸市 須磨区,2025-04-13 09:45:06,42.0,良い,30.0,42.0,10.0,38.0,9.0,17.0,77.0,998.0,3.0,0.0
神戸市 須磨区,2025-04-13 10:45:08,25.0,良い,30.0,25.0,10.0,39.0,8.0,17.0,77.0,998.0,3.0,0.0
神戸市 須磨区,2025-04-13 11:45:10,30.0,良い,,30.0,11.0,35.0,12.0,17.0,77.0,998.0,3.0,0.0
神戸市 須磨区,2025-04-13 12:00:08,34.0,良い,,34.0,10.0,37.0,10.0,17.0,72.0,998.0,3.0,0.0
神戸市 須磨区,2025-04-13 12:15:08,34.0,良い,,34.0,10.0,37.0,10.0,17.0,72.0,998.0,2.0,0.0
神戸市 須磨区,2025-04-13 13:00:08,34.0,良い,,34.0,9.0,35.0,12.0,15.0,93.0,999.0,2.0,0.0
神戸市 須磨区,2025-04-13 14:00:09,25.0,良い,,25.0,10.0,37.0,8.0,12.0,98.0,999.0,2.0,0.0
神戸市 須磨区,2025-04-13 15:00:09,13.0,良い,,13.0,9.0,39.0,5.0,11.0,94.0,1001.0,7.0,0.0
神戸市 須磨区,2025-04-13 16:01:23,13.0,良い,,13.0,9.0,39.0,5.0,11.0,93.0,1001.0,7.0,0.0
神戸市 須磨区,2025-04-13 17:00:09,50.0,平常値,,50.0,16.0,36.0,5.0,12.0,87.0,1002.0,7.0,0.0
神戸市 須磨区,2025-04-13 18:00:08,50.0,平常値,,50.0,20.0,35.0,5.0,13.0,76.0,1003.0,8.0,0.0
神戸市 須磨区,2025-04-13 18:11:02,50.0,平常値,,50.0,20.0,35.0,5.0,13.0,76.0,1003.0,5.0,0.0
神戸市 須磨区,2025-04-13 19:00:08,17.0,良い,,17.0,11.0,38.0,3.0,12.0,82.0,1003.0,5.0,0.0
神戸市 須磨区,2025-04-13 20:00:10,5.0,良い,,5.0,4.0,36.0,3.0,12.0,87.0,1004.0,4.0,0.0
神戸市 須磨区,2025-04-13 21:00:07,13.0,良い,,13.0,5.0,34.0,3.0,11.0,87.0,1005.0,3.0,0.0
神戸市 須磨区,2025-04-13 22:00:09,17.0,良い,,17.0,8.0,36.0,3.0,11.0,81.0,1005.0,4.0,0.0
神戸市 須磨区,2025-04-13 23:00:07,25.0,良い,,25.0,15.0,38.0,3.0,10.0,81.0,1005.0,2.0,0.0
神戸市 須磨区,2025-04-14 01:00:08,46.0,良い,,46.0,17.0,31.0,6.0,10.0,79.0,1006.0,2.0,0.0
神戸市 須磨区,2025-04-14 02:00:07,42.0,良い,,42.0,17.0,25.0,8.0,10.0,81.0,1006.0,1.0,0.0
神戸市 須磨区,2025-04-14 03:00:08,38.0,良い,,38.0,18.0,26.0,7.0,10.0,87.0,1006.0,2.0,0.0
神戸市 須磨区,2025-04-14 04:00:09,38.0,良い,,38.0,15.0,18.0,12.0,9.0,87.0,1006.0,1.0,0.0
神戸市 須磨区,2025-04-14 05:00:08,38.0,良い,,38.0,12.0,16.0,13.0,9.0,87.0,1005.0,1.0,0.0
神戸市 須磨区,2025-04-14 06:00:08,38.0,良い,,38.0,15.0,11.0,19.0,8.0,87.0,1004.0,1.0,0.0
神戸市 須磨区,2025-04-14 07:00:09,17.0,良い,,38.0,17.0,9.0,22.0,9.0,87.0,1005.0,1.0,0.0
神戸市 須磨区,2025-04-14 08:00:08,50.0,平常値,,50.0,18.0,11.0,23.0,11.0,70.0,1002.0,1.0,1.0
神戸市 須磨区,2025-04-14 08:38:21,50.0,平常値,,50.0,18.0,11.0,23.0,11.0,70.0,1002.0,2.0,1.0
神戸市 須磨区,2025-04-14 09:00:08,42.0,良い,,42.0,19.0,30.0,9.0,12.0,62.0,1002.0,2.0,1.0
神戸市 須磨区,2025-04-14 10:00:09,55.0,平常値,,55.0,21.0,28.0,14.0,14.0,67.0,1006.0,1.0,1.0
神戸市 須磨区,2025-04-14 11:00:09,53.0,平常値,,53.0,20.0,30.0,12.0,14.0,54.0,1006.0,3.0,1.0
神戸市 須磨区,2025-04-14 12:00:09,57.0,平常値,,57.0,21.0,34.0,9.0,14.0,56.0,1002.0,3.0,1.0
神戸市 須磨区,2025-04-14 13:00:08,53.0,平常値,,53.0,22.0,42.0,5.0,14.0,49.0,1001.0,3.0,1.0
神戸市 須磨区,2025-04-14 14:00:07,55.0,平常値,,55.0,20.0,47.0,3.0,16.0,43.0,1000.0,2.0,1.0
神戸市 須磨区,2025-04-14 15:00:08,59.0,平常値,,59.0,20.0,44.0,8.0,16.0,40.0,999.0,2.0,1.0
神戸市 須磨区,2025-04-14 16:00:07,61.0,平常値,,61.0,24.0,47.0,4.0,16.0,53.0,998.0,3.0,1.0
神戸市 須磨区,2025-04-14 17:00:08,61.0,平常値,,61.0,22.0,49.0,4.0,16.0,57.0,998.0,5.0,1.0
神戸市 須磨区,2025-04-14 18:00:10,57.0,平常値,,57.0,23.0,51.0,3.0,16.0,60.0,997.0,5.0,1.0
神戸市 須磨区,2025-04-14 19:00:07,63.0,平常値,,63.0,29.0,47.0,4.0,14.0,78.0,998.0,5.0,1.0
神戸市 須磨区,2025-04-14 20:00:09,55.0,平常値,,55.0,25.0,38.0,8.0,13.0,81.0,997.0,4.0,1.0
神戸市 須磨区,2025-04-14 20:30:46,55.0,平常値,,55.0,25.0,38.0,8.0,13.0,81.0,997.0,1.0,1.0
神戸市 須磨区,2025-04-15 21:00:00,30.0,良好,pm25,30.0,10.0,32.8,7.5,10.9,54.2,1002.6,1.7,0.1
神戸市 須磨区,2025-04-15 22:00:00,34.0,良好,pm25,34.0,9.0,32.0,8.4,10.1,55.9,1004.2,2.5,0.1
神戸市 須磨区,2025-04-15 23:00:00,34.0,良好,pm25,34.0,10.0,31.2,8.4,9.7,57.1,1004.7,1.6,0.1
神戸市 須磨区,2025-04-16 01:00:00,34.0,良好,pm25,34.0,12.0,32.0,6.5,9.2,60.3,1005.5,1.5,0.1
神戸市 須磨区,2025-04-16 02:00:00,38.0,良好,pm25,38.0,10.0,32.8,5.6,9.3,59.0,1005.7,2.9,0.1
神戸市 須磨区,2025-04-16 03:00:00,46.0,良好,pm25,46.0,11.0,29.6,8.4,9.3,59.0,1005.7,2.6,0.1
神戸市 須磨区,2025-04-16 04:00:00,38.0,良好,pm25,38.0,12.0,28.9,9.3,8.9,58.9,1006.2,2.9,0.1
神戸市 須磨区,2025-04-16 05:00:00,38.0,良好,pm25,38.0,10.0,20.8,16.7,8.6,61.9,1006.6,2.1,0.1
神戸市 須磨区,2025-04-16 06:00:00,42.0,良好,pm25,42.0,13.0,8.0,30.6,8.8,64.2,1007.1,0.7,0.1
神戸市 須磨区,2025-04-16 07:00:00,38.0,良好,pm25,38.0,14.0,7.3,35.2,10.0,62.2,1007.6,1.3,0.1
神戸市 須磨区,2025-04-16 08:00:00,46.0,良好,pm25,46.0,16.0,22.4,18.6,11.7,65.3,1008.2,0.8,0.1
神戸市 須磨区,2025-04-16 09:00:00,46.0,良好,pm25,46.0,10.0,28.1,11.2,12.1,64.0,1008.6,1.7,0.1
神戸市 須磨区,2025-04-16 10:00:00,34.0,良好,pm25,34.0,12.0,34.4,6.5,14.5,59.9,1008.3,1.1,0.1
神戸市 須磨区,2025-04-16 11:00:00,34.0,良好,pm25,34.0,15.0,40.8,3.8,15.9,52.2,1008.2,3.4,0.1
神戸市 須磨区,2025-04-16 13:00:00,30.0,良好,pm25,30.0,16.0,40.8,4.7,16.4,49.2,1008.0,2.1,0.1
神戸市 須磨区,2025-04-16 14:00:00,72.0,普通,pm25,72.0,28.0,40.8,4.7,17.4,47.1,1007.8,2.9,0.1
神戸市 須磨区,2025-04-16 15:00:00,57.0,普通,pm25,57.0,20.0,43.2,5.6,17.4,47.1,1007.8,2.7,0.1
神戸市 須磨区,2025-04-16 16:00:00,53.0,普通,pm25,53.0,18.0,45.6,4.7,15.7,49.0,1008.0,2.4,0.1
神戸市 須磨区,2025-04-16 17:00:00,42.0,良好,pm25,42.0,10.0,42.4,7.5,15.5,55.0,1008.7,2.6,0.1
神戸市 須磨区,2025-04-16 18:00:00,38.0,良好,pm25,38.0,11.0,40.0,11.2,15.6,50.0,1008.9,1.1,0.1
神戸市 須磨区,2025-04-16 19:00:00,38.0,良好,pm25,38.0,13.0,31.2,21.3,15.0,53.0,1009.6,1.0,0.1
神戸市 須磨区,2025-04-16 20:00:00,46.0,良好,pm25,46.0,14.0,36.1,13.9,14.6,54.0,1010.1,0.7,0.1
神戸市 須磨区,2025-04-16 21:00:00,46.0,良好,pm25,46.0,13.0,27.2,21.3,14.6,54.0,1010.1,0.4,0.1
神戸市 須磨区,2025-04-16 22:00:00,30.0,良好,pm25,30.0,11.0,35.2,13.0,15.1,51.2,1010.9,0.3,0.1
神戸市 須磨区,2025-04-16 23:00:00,50.0,良好,pm25,50.0,13.0,12.8,38.0,15.2,50.2,1011.2,0.6,0.1
神戸市 須磨区,2025-04-17 01:00:00,55.0,普通,pm25,55.0,14.0,36.8,7.5,15.3,62.2,1011.4,1.2,0.1
神戸市 須磨区,2025-04-17 02:00:00,42.0,良好,pm25,42.0,13.0,34.4,6.5,13.9,69.9,1011.6,0.9,0.1
神戸市 須磨区,2025-04-17 03:00:00,34.0,良好,pm25,34.0,10.0,20.0,16.7,13.9,69.9,1011.6,0.8,0.1
神戸市 須磨区,2025-04-17 04:00:00,65.0,普通,pm25,65.0,14.0,16.8,19.5,13.3,75.2,1011.9,0.2,0.1
神戸市 須磨区,2025-04-17 05:00:00,68.0,普通,pm25,68.0,14.0,6.4,31.5,13.9,71.8,1012.0,0.9,0.1
神戸市 須磨区,2025-04-17 06:00:00,50.0,良好,pm25,50.0,13.0,2.4,37.1,13.1,77.2,1012.5,1.7,0.1
神戸市 須磨区,2025-04-17 07:00:00,50.0,良好,pm25,50.0,16.0,4.0,35.2,14.4,71.0,1012.4,0.9,0.1
神戸市 須磨区,2025-04-17 08:00:00,55.0,普通,pm25,55.0,18.0,18.4,23.2,15.4,67.9,1012.6,0.4,0.1
神戸市 須磨区,2025-04-17 09:00:00,55.0,普通,pm25,55.0,16.0,15.2,29.7,16.2,67.2,1012.6,1.2,0.1
神戸市 須磨区,2025-04-17 10:00:00,55.0,普通,pm25,55.0,18.0,24.8,20.4,19.6,52.1,1012.4,0.8,0.1
神戸市 須磨区,2025-04-17 11:00:00,59.0,普通,pm25,59.0,20.0,32.8,15.8,21.6,47.9,1012.1,0.7,0.1
神戸市 須磨区,2025-04-17 12:00:00,68.0,普通,pm25,68.0,23.0,46.5,10.2,21.8,67.0,1011.4,1.2,0.1
神戸市 須磨区,2025-04-17 13:00:00,61.0,普通,pm25,61.0,23.0,54.5,9.3,21.6,56.9,1011.1,2.0,0.1
神戸市 須磨区,2025-04-17 14:00:00,68.0,普通,pm25,68.0,26.0,58.4,9.3,20.9,61.0,1010.7,2.6,0.1
神戸市 須磨区,2025-04-17 15:00:00,57.0,普通,pm25,57.0,22.0,47.2,13.9,20.8,63.0,1010.4,2.2,0.1
神戸市 須磨区,2025-04-17 16:00:00,61.0,普通,pm25,61.0,24.0,53.3,6.5,20.6,63.0,1010.2,1.9,0.1
神戸市 須磨区,2025-04-17 17:00:00,61.0,普通,pm25,61.0,20.0,54.5,4.7,20.3,66.3,1009.8,2.2,0.1
神戸市 須磨区,2025-04-17 18:00:00,68.0,普通,pm25,68.0,26.0,44.8,13.9,19.3,73.3,1010.1,1.9,0.1
神戸市 須磨区,2025-04-17 19:00:00,70.0,普通,pm25,70.0,30.0,40.0,18.6,18.9,78.1,1010.1,1.5,0.1
神戸市 須磨区,2025-04-17 20:00:00,63.0,普通,pm25,63.0,27.0,44.8,12.1,18.5,79.1,1010.8,1.4,0.1
神戸市 須磨区,2025-04-17 21:00:00,61.0,普通,pm25,61.0,26.0,42.4,12.1,18.7,77.1,1011.5,1.3,0.1
神戸市 須磨区,2025-04-17 22:00:00,68.0,普通,pm25,68.0,29.0,32.0,21.3,18.7,78.1,1011.7,1.5,0.1
神戸市 須磨区,2025-04-17 23:00:00,61.0,普通,pm25,61.0,30.0,37.6,13.9,18.3,81.1,1011.2,0.6,0.1
神戸市 須磨区,2025-04-18 01:00:00,59.0,普通,pm25,59.0,27.0,46.5,5.6,18.4,84.3,1011.8,1.1,0.1
神戸市 須磨区,2025-04-18 02:00:00,59.0,普通,pm25,59.0,26.0,45.6,3.8,18.3,85.4,1011.6,0.7,0.1
神戸市 須磨区,2025-04-18 03:00:00,55.0,普通,pm25,55.0,24.0,44.0,4.7,18.2,84.3,1011.2,0.7,0.1
神戸市 須磨区,2025-04-18 04:00:00,57.0,普通,pm25,57.0,24.0,43.2,4.7,18.5,82.2,1010.7,0.1,0.1
神戸市 須磨区,2025-04-18 05:00:00,55.0,普通,pm25,55.0,22.0,40.0,6.5,18.6,80.1,1010.6,0.8,0.1
神戸市 須磨区,2025-04-18 06:00:00,55.0,普通,pm25,55.0,22.0,29.6,12.1,18.7,79.1,1011.1,0.3,0.1
神戸市 須磨区,2025-04-18 07:00:00,55.0,普通,pm25,55.0,21.0,20.0,22.3,17.5,85.3,1011.4,0.4,0.1
神戸市 須磨区,2025-04-18 08:00:00,76.0,普通,pm25,76.0,22.0,21.6,33.4,17.7,82.1,1011.8,0.5,0.1
神戸市 須磨区,2025-04-18 09:00:00,61.0,普通,pm25,61.0,24.0,16.8,42.6,20.2,73.0,1012.1,0.4,0.1
神戸市 須磨区,2025-04-18 10:00:00,59.0,普通,pm25,59.0,25.0,39.2,10.2,21.3,70.9,1011.9,0.3,0.1
神戸市 須磨区,2025-04-18 11:00:00,70.0,普通,pm25,70.0,24.0,40.8,10.2,22.4,67.1,1011.9,1.3,0.1
神戸市 須磨区,2025-04-18 12:00:00,65.0,普通,pm25,65.0,23.0,42.4,8.4,22.1,71.9,1011.4,1.5,0.1
神戸市 須磨区,2025-04-18 13:00:00,59.0,普通,pm25,59.0,20.0,44.8,8.4,21.8,71.9,1011.0,2.2,0.1
神戸市 須磨区,2025-04-18 14:00:00,63.0,普通,pm25,63.0,24.0,47.2,5.6,22.5,68.0,1010.3,1.7,0.1
神戸市 須磨区,2025-04-18 15:00:00,59.0,普通,pm25,59.0,20.0,44.0,6.5,22.4,68.0,1009.6,2.1,0.1
神戸市 須磨区,2025-04-18 16:00:00,57.0,普通,pm25,57.0,22.0,47.2,7.5,21.9,70.1,1009.4,2.5,0.1
神戸市 須磨区,2025-04-18 17:00:00,63.0,普通,pm25,63.0,26.0,44.0,7.5,21.2,77.0,1009.6,2.3,0.1
神戸市 須磨区,2025-04-18 18:00:00,68.0,普通,pm25,68.0,27.0,37.6,10.2,21.2,77.0,1009.6,2.5,0.1
神戸市 須磨区,2025-04-18 19:00:00,59.0,普通,pm25,59.0,24.0,36.1,11.2,19.9,83.9,1010.1,2.1,0.1
神戸市 須磨区,2025-04-18 20:00:00,61.0,普通,pm25,61.0,27.0,33.6,12.1,19.9,83.9,1010.1,1.2,0.1
神戸市 須磨区,2025-04-18 21:00:00,57.0,普通,pm25,57.0,25.0,35.2,8.4,19.9,83.9,1010.1,2.0,0.1
神戸市 須磨区,2025-04-18 22:00:00,63.0,普通,pm25,63.0,24.0,33.6,11.2,18.5,77.0,1014.0,1.7,0.0
神戸市 須磨区,2025-04-18 23:00:00,61.0,普通,pm25,61.0,25.0,37.6,5.6,17.0,88.0,1014.0,1.6,0.0
神戸市 須磨区,2025-04-19 01:00:00,53.0,普通,pm25,53.0,23.0,38.4,3.8,15.0,93.0,1014.0,1.3,0.0
神戸市 須磨区,2025-04-19 02:00:00,57.0,普通,pm25,57.0,20.0,35.2,6.5,14.2,98.2,1014.0,1.1,0.0
神戸市 須磨区,2025-04-19 03:00:00,55.0,普通,pm25,55.0,20.0,32.8,7.5,18.8,84.9,1010.7,0.9,0.1
神戸市 須磨区,2025-04-19 04:00:00,59.0,普通,pm25,59.0,20.0,24.8,9.3,18.8,84.9,1010.7,0.1,0.1
神戸市 須磨区,2025-04-19 05:00:00,57.0,普通,pm25,57.0,20.0,21.6,14.9,14.6,100.0,1014.0,0.4,0.0
神戸市 須磨区,2025-04-19 06:00:00,63.0,普通,pm25,63.0,23.0,12.8,21.3,17.2,92.1,1011.0,0.1,0.1
神戸市 須磨区,2025-04-19 07:00:00,63.0,普通,pm25,63.0,24.0,15.2,28.8,17.5,90.3,1011.8,1.0,0.1
神戸市 須磨区,2025-04-19 08:00:00,68.0,普通,pm25,68.0,30.0,32.0,26.9,18.9,84.9,1012.2,1.0,0.1
神戸市 須磨区,2025-04-19 09:00:00,89.0,普通,pm25,89.0,37.0,21.6,23.2,18.9,84.9,1012.2,1.0,0.1
神戸市 須磨区,2025-04-19 10:00:00,89.0,普通,pm25,89.0,36.0,30.4,21.3,17.0,88.0,1015.5,1.4,0.0
神戸市 須磨区,2025-04-19 11:00:00,91.0,普通,pm25,91.0,37.0,28.9,30.6,17.5,90.5,1015.0,2.0,0.0
神戸市 須磨区,2025-04-19 12:00:00,76.0,普通,pm25,76.0,30.0,36.8,22.3,19.0,82.0,1014.0,1.6,0.0
神戸市 須磨区,2025-04-19 13:00:00,68.0,普通,pm25,68.0,27.0,42.4,11.2,20.0,88.0,1013.0,1.8,0.0
神戸市 須磨区,2025-04-19 14:00:00,63.0,普通,pm25,63.0,24.0,47.2,8.4,20.0,85.0,1012.5,1.8,0.0
神戸市 須磨区,2025-04-19 15:00:00,68.0,普通,pm25,68.0,24.0,53.3,6.5,20.0,82.0,1011.5,1.8,0.0
神戸市 須磨区,2025-04-19 16:00:00,70.0,普通,pm25,70.0,22.0,40.8,9.3,18.5,90.5,1011.0,1.2,0.0
神戸市 須磨区,2025-04-19 17:00:00,70.0,普通,pm25,70.0,23.0,42.4,5.6,18.5,85.0,1011.0,2.3,0.0
神戸市 須磨区,2025-04-19 18:00:00,63.0,普通,pm25,63.0,26.0,42.4,5.6,20.0,68.0,1011.0,1.9,0.0
神戸市 須磨区,2025-04-19 19:00:00,55.0,普通,pm25,55.0,24.0,40.0,6.5,20.0,68.0,1012.0,2.5,0.0
神戸市 須磨区,2025-04-19 20:00:00,57.0,普通,pm25,57.0,20.0,39.2,5.6,21.5,58.5,1012.0,1.9,0.0
神戸市 須磨区,2025-04-19 21:00:00,55.0,普通,pm25,55.0,17.0,37.6,5.6,20.5,60.0,1012.5,0.6,0.0
神戸市 須磨区,2025-04-19 22:00:00,42.0,良好,pm25,42.0,20.0,34.4,8.4,18.0,72.5,1013.0,0.5,0.0
神戸市 須磨区,2025-04-19 23:00:00,55.0,普通,pm25,55.0,20.0,36.1,5.6,18.6,69.3,1012.0,1.0,0.0
神戸市 須磨区,2025-04-20 01:00:00,42.0,良好,pm25,42.0,20.0,36.1,4.7,19.0,72.0,1012.0,1.3,0.0
神戸市 須磨区,2025-04-20 02:00:00,53.0,普通,pm25,53.0,15.0,36.1,5.6,19.0,77.0,1013.0,1.3,0.0
神戸市 須磨区,2025-04-20 03:00:00,46.0,良好,pm25,46.0,15.0,38.4,2.8,19.0,77.0,1012.5,0.6,0.0
神戸市 須磨区,2025-04-20 04:00:00,50.0,良好,pm25,50.0,15.0,37.6,2.8,20.0,72.0,1011.0,0.8,0.0
神戸市 須磨区,2025-04-20 05:00:00,42.0,良好,pm25,42.0,16.0,36.8,2.8,19.0,73.6,1012.0,1.2,0.0
神戸市 須磨区,2025-04-20 06:00:00,42.0,良好,pm25,42.0,13.0,32.0,4.7,16.5,87.5,1013.0,0.7,0.0
神戸市 須磨区,2025-04-20 07:00:00,34.0,良好,pm25,34.0,14.0,34.4,5.6,18.0,79.5,1013.5,1.2,0.0
神戸市 須磨区,2025-04-20 08:00:00,30.0,良好,pm25,30.0,15.0,30.4,8.4,17.5,82.0,1013.0,1.1,0.0
神戸市 須磨区,2025-04-20 09:00:00,38.0,良好,pm25,38.0,12.0,32.8,5.6,20.0,74.5,1013.0,0.8,0.0
神戸市 須磨区,2025-04-20 10:00:00,53.0,普通,pm25,53.0,14.0,32.0,6.5,18.5,82.5,1013.0,1.0,0.0
神戸市 須磨区,2025-04-20 11:00:00,50.0,良好,pm25,50.0,18.0,29.6,9.3,19.0,82.0,1013.0,1.4,0.0
神戸市 須磨区,2025-04-20 12:00:00,53.0,普通,pm25,53.0,14.0,26.4,13.0,21.0,73.0,1013.0,2.1,0.0
神戸市 須磨区,2025-04-20 13:00:00,55.0,普通,pm25,55.0,20.0,28.9,9.3,18.0,88.0,1013.0,2.3,0.0
神戸市 須磨区,2025-04-20 14:00:00,59.0,普通,pm25,59.0,15.0,29.6,13.0,17.5,85.0,1012.5,1.8,0.0
神戸市 須磨区,2025-04-20 15:00:00,42.0,良好,pm25,42.0,14.0,34.4,8.4,17.5,88.0,1012.0,1.4,0.0
神戸市 須磨区,2025-04-20 16:00:00,38.0,良好,pm25,38.0,12.0,33.6,10.2,21.2,69.9,1008.7,1.4,0.1
神戸市 須磨区,2025-04-20 17:00:00,34.0,良好,pm25,34.0,11.0,36.1,7.5,21.4,66.1,1008.7,1.7,0.1
神戸市 須磨区,2025-04-20 18:00:00,38.0,良好,pm25,38.0,11.0,36.8,4.7,21.3,63.9,1008.9,1.8,0.1
神戸市 須磨区,2025-04-20 19:00:00,59.0,普通,pm25,59.0,18.0,33.6,12.1,20.8,67.2,1009.6,0.2,0.1
神戸市 須磨区,2025-04-20 20:00:00,59.0,普通,pm25,59.0,18.0,27.2,14.9,20.4,71.2,1009.9,1.8,0.1
神戸市 須磨区,2025-04-20 21:00:00,53.0,普通,pm25,53.0,18.0,28.9,11.2,21.0,67.3,1010.1,2.5,0.1
神戸市 須磨区,2025-04-20 22:00:00,46.0,良好,pm25,46.0,13.0,30.4,6.5,20.1,72.0,1010.5,1.6,0.1
神戸市 須磨区,2025-04-20 23:00:00,38.0,良好,pm25,38.0,11.0,32.0,3.8,18.6,81.1,1010.6,1.5,0.1
神戸市 須磨区,2025-04-21 01:00:00,13.0,良好,pm25,13.0,5.0,34.4,1.9,18.5,78.0,1011.0,1.1,0.1
神戸市 須磨区,2025-04-21 02:00:00,9.0,良好,pm25,9.0,1.0,37.6,1.0,17.8,77.9,1011.3,1.4,0.1
神戸市 須磨区,2025-04-21 04:00:00,13.0,良好,pm25,13.0,4.0,40.8,1.9,17.3,60.2,1011.9,3.3,0.1
神戸市 須磨区,2025-04-21 05:00:00,13.0,良好,pm25,13.0,4.0,39.2,2.8,15.7,51.0,1012.8,4.3,0.1
神戸市 須磨区,2025-04-21 06:00:00,25.0,良好,pm25,25.0,9.0,33.6,10.2,15.1,48.1,1013.3,2.4,0.1
神戸市 須磨区,2025-04-21 07:00:00,21.0,良好,pm25,21.0,7.0,32.0,13.0,15.9,47.0,1014.0,0.4,0.1
神戸市 須磨区,2025-04-21 08:00:00,17.0,良好,pm25,17.0,9.0,36.1,9.3,17.2,47.0,1014.4,2.6,0.1
神戸市 須磨区,2025-04-21 09:00:00,38.0,良好,pm25,38.0,14.0,36.8,10.2,19.8,32.2,1014.3,1.7,0.1
神戸市 須磨区,2025-04-21 10:00:00,30.0,良好,pm25,30.0,14.0,37.6,9.3,19.8,32.2,1014.3,1.8,0.1
神戸市 須磨区,2025-04-21 11:00:00,34.0,良好,pm25,34.0,12.0,39.2,10.2,19.8,42.0,1014.4,2.6,0.1
神戸市 須磨区,2025-04-21 12:00:00,46.0,良好,pm25,46.0,14.0,44.0,8.4,20.2,36.1,1013.7,2.1,0.1
神戸市 須磨区,2025-04-21 13:00:00,46.0,良好,pm25,46.0,11.0,39.2,14.9,20.2,36.1,1013.7,3.1,0.1
神戸市 須磨区,2025-04-21 14:00:00,50.0,良好,pm25,50.0,14.0,47.2,8.4,21.0,44.1,1012.0,3.5,0.1
神戸市 須磨区,2025-04-21 15:00:00,46.0,良好,pm25,46.0,13.0,46.5,10.2,21.8,41.1,1011.2,4.9,0.1
神戸市 須磨区,2025-04-21 16:00:00,42.0,良好,pm25,42.0,13.0,50.7,9.3,22.4,39.1,1011.1,4.7,0.1
神戸市 須磨区,2025-04-21 17:00:00,53.0,普通,pm25,53.0,14.0,52.0,9.3,22.5,36.0,1011.1,5.4,0.1
神戸市 須磨区,2025-04-21 18:00:00,53.0,普通,pm25,53.0,14.0,46.5,13.0,19.6,59.1,1011.5,3.3,0.1
神戸市 須磨区,2025-04-21 19:00:00,46.0,良好,pm25,46.0,14.0,36.1,23.2,20.0,47.2,1011.6,2.8,0.1
神戸市 須磨区,2025-04-21 20:00:00,50.0,良好,pm25,50.0,11.0,25.6,25.1,19.2,57.1,1012.0,0.9,0.1
神戸市 須磨区,2025-04-21 21:00:00,55.0,普通,pm25,55.0,13.0,18.4,30.6,19.2,57.1,1012.0,1.0,0.1
神戸市 須磨区,2025-04-21 22:00:00,59.0,普通,pm25,59.0,16.0,7.3,45.4,18.3,39.0,1013.3,0.9,0.1
神戸市 須磨区,2025-04-21 23:00:00,46.0,良好,pm25,46.0,12.0,8.8,38.0,18.2,36.1,1013.0,0.9,0.1
神戸市 須磨区,2025-04-22 01:00:00,53.0,普通,pm25,53.0,13.0,16.0,26.0,17.6,44.0,1013.2,0.6,0.1
神戸市 須磨区,2025-04-22 02:00:00,46.0,良好,pm25,46.0,11.0,25.6,16.7,17.6,48.1,1012.5,1.7,0.1
神戸市 須磨区,2025-04-22 03:00:00,42.0,良好,pm25,42.0,13.0,24.8,14.9,16.8,60.0,1012.3,1.5,0.1
神戸市 須磨区,2025-04-22 04:00:00,50.0,良好,pm25,50.0,14.0,26.4,15.8,16.5,67.2,1012.6,1.5,0.1
神戸市 須磨区,2025-04-22 05:00:00,53.0,普通,pm25,53.0,16.0,26.4,14.9,16.6,73.3,1012.6,2.1,0.1
神戸市 須磨区,2025-04-22 06:00:00,57.0,普通,pm25,57.0,18.0,24.1,15.8,17.2,72.0,1012.8,1.0,0.1
神戸市 須磨区,2025-04-22 07:00:00,55.0,普通,pm25,55.0,19.0,28.9,15.8,16.5,67.0,1016.0,1.4,0.0
神戸市 須磨区,2025-04-22 08:00:00,46.0,良好,pm25,46.0,18.0,28.1,16.7,17.5,67.5,1016.0,2.5,0.0
神戸市 須磨区,2025-04-22 09:00:00,53.0,普通,pm25,53.0,20.0,30.4,15.8,18.0,74.5,1015.5,3.0,0.0
神戸市 須磨区,2025-04-22 10:00:00,57.0,普通,pm25,57.0,19.0,37.6,15.8,18.5,77.0,1015.0,2.1,0.0
神戸市 須磨区,2025-04-22 11:00:00,63.0,普通,pm25,63.0,20.0,42.4,10.2,19.0,77.0,1014.5,1.4,0.0
神戸市 須磨区,2025-04-22 12:00:00,55.0,普通,pm25,55.0,16.0,38.4,15.8,22.7,52.9,1010.6,2.0,0.1
神戸市 須磨区,2025-04-22 13:00:00,55.0,普通,pm25,55.0,18.0,49.6,6.5,22.3,59.0,1009.9,1.5,0.1
神戸市 須磨区,2025-04-22 14:00:00,59.0,普通,pm25,59.0,16.0,43.2,7.5,21.4,66.1,1008.8,2.2,0.1
神戸市 須磨区,2025-04-22 15:00:00,57.0,普通,pm25,57.0,20.0,39.2,9.3,21.4,66.1,1008.8,1.4,0.0
神戸市 須磨区,2025-04-22 16:00:00,38.0,良好,pm25,38.0,16.0,43.2,5.6,22.5,54.5,1010.0,3.2,0.0
神戸市 須磨区,2025-04-22 17:00:00,42.0,良好,pm25,42.0,13.0,39.2,7.5,21.5,58.0,1010.0,3.4,0.0
神戸市 須磨区,2025-04-22 18:00:00,42.0,良好,pm25,42.0,13.0,34.4,10.2,21.5,62.0,1009.0,2.6,0.0
神戸市 須磨区,2025-04-22 19:00:00,42.0,良好,pm25,42.0,11.0,30.4,9.3,21.0,64.0,1009.0,1.5,0.0
神戸市 須磨区,2025-04-22 20:00:00,38.0,良好,pm25,38.0,12.0,28.9,9.3,20.0,74.5,1009.0,0.9,0.0
神戸市 須磨区,2025-04-22 21:00:00,55.0,普通,pm25,55.0,25.0,25.6,10.2,19.5,82.5,1008.0,0.4,0.0
神戸市 須磨区,2025-04-22 22:00:00,46.0,良好,pm25,46.0,19.0,21.6,13.0,18.0,90.5,1007.0,0.8,0.0
神戸市 須磨区,2025-04-22 23:00:00,34.0,良好,pm25,34.0,13.0,26.4,9.3,17.0,93.0,1006.5,2.0,0.0
神戸市 須磨区,2025-04-23 01:00:00,42.0,良好,pm25,42.0,10.0,20.8,18.6,17.0,100.0,1005.0,2.5,0.0
神戸市 須磨区,2025-04-23 02:00:00,34.0,良好,pm25,34.0,10.0,22.4,13.9,17.0,100.0,1003.0,1.5,0.0
神戸市 須磨区,2025-04-23 03:00:00,30.0,良好,pm25,30.0,8.0,29.6,6.5,17.0,100.0,1002.0,2.4,0.0
神戸市 須磨区,2025-04-23 04:00:00,30.0,良好,pm25,30.0,7.0,24.8,7.5,17.0,100.0,1002.0,3.0,0.0
神戸市 須磨区,2025-04-23 05:00:00,30.0,良好,pm25,30.0,9.0,19.2,13.0,17.0,96.5,1002.0,1.9,0.0
神戸市 須磨区,2025-04-23 06:00:00,21.0,良好,pm25,21.0,10.0,19.2,10.2,16.5,100.0,1002.0,2.4,0.0
神戸市 須磨区,2025-04-23 07:00:00,21.0,良好,pm25,21.0,8.0,7.3,25.1,17.0,100.0,1002.0,1.4,0.0
神戸市 須磨区,2025-04-23 08:00:00,21.0,良好,pm25,21.0,9.0,9.6,21.3,17.5,100.0,1002.0,1.5,0.0
神戸市 須磨区,2025-04-23 09:00:00,25.0,良好,pm25,25.0,11.0,7.3,25.1,19.2,95.1,998.9,1.6,1.2
神戸市 須磨区,2025-04-23 10:00:00,30.0,良好,pm25,30.0,11.0,7.3,27.8,19.2,95.1,998.9,0.7,1.2
神戸市 須磨区,2025-04-23 11:00:00,21.0,良好,pm25,21.0,10.0,11.2,21.3,17.2,98.2,1002.0,1.3,0.0
神戸市 須磨区,2025-04-23 12:00:00,34.0,良好,pm25,34.0,10.0,16.8,13.0,17.3,100.0,1001.8,1.9,0.0
神戸市 須磨区,2025-04-23 13:00:00,53.0,普通,pm25,53.0,13.0,15.2,13.9,17.5,100.0,1001.0,2.8,0.0
神戸市 須磨区,2025-04-23 14:00:00,57.0,普通,pm25,57.0,16.0,17.6,15.8,17.0,100.0,1001.0,4.0,0.0
神戸市 須磨区,2025-04-23 15:00:00,53.0,普通,pm25,53.0,14.0,17.6,14.9,18.6,97.6,1001.0,3.2,0.0
神戸市 須磨区,2025-04-23 16:00:00,42.0,良好,pm25,42.0,12.0,15.2,15.8,20.1,90.0,997.4,2.7,99.0
神戸市 須磨区,2025-04-23 17:00:00,13.0,良好,pm25,13.0,3.0,22.4,3.8,19.8,95.1,998.1,2.2,99.0
神戸市 須磨区,2025-04-23 18:00:00,13.0,良好,pm25,13.0,3.0,24.1,3.8,19.2,96.9,998.7,1.9,99.0
神戸市 須磨区,2025-04-23 19:00:00,9.0,良好,pm25,9.0,1.0,26.4,3.8,19.3,96.9,999.0,2.5,99.0
神戸市 須磨区,2025-04-23 20:00:00,9.0,良好,pm25,9.0,3.0,28.1,2.8,18.5,93.0,1003.0,2.9,0.0
神戸市 須磨区,2025-04-23 21:00:00,9.0,良好,pm25,9.0,5.0,26.4,5.6,18.0,93.0,1003.0,1.1,0.0
神戸市 須磨区,2025-04-23 23:00:00,17.0,良好,pm25,17.0,7.0,20.0,12.1,17.0,88.0,1003.0,1.0,0.0
神戸市 須磨区,2025-04-24 01:00:00,9.0,良好,pm25,9.0,8.0,27.2,4.7,16.0,87.0,1003.0,2.1,0.0
神戸市 須磨区,2025-04-24 02:00:00,13.0,良好,pm25,13.0,1.0,23.3,6.5,16.0,87.0,1003.0,0.7,0.0
神戸市 須磨区,2025-04-24 03:00:00,5.0,良好,pm25,5.0,3.0,30.4,1.9,16.0,82.0,1004.0,2.2,0.0
神戸市 須磨区,2025-04-24 04:00:00,9.0,良好,pm25,9.0,3.0,24.8,6.5,15.0,87.0,1004.0,1.6,0.0
神戸市 須磨区,2025-04-24 05:00:00,5.0,良好,pm25,5.0,4.0,22.4,7.5,15.0,82.0,1004.5,0.8,0.0
神戸市 須磨区,2025-04-24 07:00:00,5.0,良好,pm25,5.0,3.0,28.1,5.6,15.0,82.0,1006.0,2.7,0.0
神戸市 須磨区,2025-04-24 08:00:00,13.0,良好,pm25,13.0,7.0,28.9,5.6,15.0,82.0,1006.0,2.6,0.0
神戸市 須磨区,2025-04-24 09:00:00,13.0,良好,pm25,13.0,4.0,28.9,5.6,16.0,77.0,1007.0,1.7,0.0
神戸市 須磨区,2025-04-24 10:00:00,13.0,良好,pm25,13.0,5.0,31.2,6.5,17.0,69.5,1008.0,2.9,0.0
神戸市 須磨区,2025-04-24 12:00:00,5.0,良好,pm10,13.0,5.0,34.4,6.5,17.5,69.5,1007.0,3.8,0.0
神戸市 須磨区,2025-04-24 13:00:00,9.0,良好,pm25,9.0,6.0,36.1,7.5,18.0,69.5,1005.5,3.0,0.0
神戸市 須磨区,2025-04-24 14:00:00,17.0,良好,pm25,17.0,5.0,40.8,6.5,18.0,72.0,1004.5,3.9,0.0
神戸市 須磨区,2025-04-24 15:00:00,17.0,良好,pm25,17.0,5.0,41.6,9.3,18.0,77.0,1004.0,2.6,0.0
神戸市 須磨区,2025-04-24 16:00:00,21.0,良好,pm25,21.0,8.0,46.5,7.5,20.8,54.2,1001.2,2.1,99.0
神戸市 須磨区,2025-04-24 17:00:00,38.0,良好,pm25,38.0,7.0,44.0,9.3,21.3,52.2,1001.7,1.5,99.0
神戸市 須磨区,2025-04-24 18:00:00,25.0,良好,pm25,25.0,9.0,44.0,8.4,16.5,87.5,1005.5,2.9,0.0
神戸市 須磨区,2025-04-24 19:00:00,30.0,良好,pm25,30.0,9.0,43.2,7.5,17.0,77.0,1006.0,3.2,0.0
神戸市 須磨区,2025-04-24 20:00:00,30.0,良好,pm25,30.0,9.0,40.8,9.3,17.0,74.5,1006.5,2.0,0.0
神戸市 須磨区,2025-04-24 21:00:00,42.0,良好,pm25,42.0,10.0,34.4,10.2,17.5,69.5,1007.0,1.9,0.0
神戸市 須磨区,2025-04-24 22:00:00,42.0,良好,pm25,42.0,9.0,12.1,27.8,17.6,64.0,1003.9,1.6,99.0
神戸市 須磨区,2025-04-24 23:00:00,30.0,良好,pm25,30.0,9.0,13.6,21.3,17.0,65.1,1003.8,1.7,99.0
神戸市 須磨区,2025-04-25 01:00:00,30.0,良好,pm25,30.0,10.0,14.5,14.9,16.7,65.9,1003.7,1.1,99.0
神戸市 須磨区,2025-04-25 02:00:00,34.0,良好,pm25,34.0,9.0,10.4,17.6,16.1,72.2,1003.7,0.9,99.0
神戸市 須磨区,2025-04-25 03:00:00,21.0,良好,pm25,21.0,10.0,12.1,16.7,16.2,73.2,1003.8,0.6,99.0
神戸市 須磨区,2025-04-25 04:00:00,38.0,良好,pm25,38.0,10.0,5.6,23.2,16.1,72.2,1004.1,0.2,99.0
神戸市 須磨区,2025-04-25 05:00:00,34.0,良好,pm25,34.0,11.0,4.0,26.9,15.9,72.2,1004.5,0.4,99.0
神戸市 須磨区,2025-04-25 06:00:00,34.0,良好,pm25,34.0,10.0,1.6,26.9,15.0,84.5,1008.5,0.5,0.0
神戸市 須磨区,2025-04-25 07:00:00,34.0,良好,pm25,34.0,11.0,4.8,26.9,15.0,90.0,1010.0,0.6,0.0
神戸市 須磨区,2025-04-25 08:00:00,42.0,良好,pm25,42.0,10.0,6.4,25.1,16.5,79.5,1011.0,1.2,0.0
神戸市 須磨区,2025-04-25 09:00:00,42.0,良好,pm25,42.0,10.0,10.4,20.4,16.5,77.0,1011.5,0.8,0.0
神戸市 須磨区,2025-04-25 10:00:00,38.0,良好,pm25,38.0,11.0,8.8,26.0,16.5,84.5,1012.0,1.3,0.0
神戸市 須磨区,2025-04-25 11:00:00,65.0,普通,pm25,65.0,22.0,35.2,7.5,18.0,63.0,1011.5,0.5,0.0
神戸市 須磨区,2025-04-25 12:00:00,78.0,普通,pm25,78.0,27.0,36.1,9.3,18.5,67.5,1011.0,1.2,0.0
神戸市 須磨区,2025-04-25 13:00:00,65.0,普通,pm25,65.0,20.0,27.2,20.4,18.5,52.0,1011.0,2.6,0.0
神戸市 須磨区,2025-04-25 14:00:00,65.0,普通,pm25,65.0,24.0,41.6,12.1,18.0,55.0,1010.0,3.2,0.0
神戸市 須磨区,2025-04-25 15:00:00,68.0,普通,pm25,68.0,24.0,46.5,12.1,18.0,61.0,1010.0,1.9,0.0
神戸市 須磨区,2025-04-25 16:00:00,80.0,普通,pm25,80.0,30.0,46.5,10.2,18.0,63.0,1010.0,2.5,0.0
神戸市 須磨区,2025-04-25 17:00:00,99.0,普通,pm25,99.0,40.0,45.6,10.2,17.0,74.5,1010.0,3.4,0.0
神戸市 須磨区,2025-04-25 18:00:00,114.0,敏感な人に有害,pm25,114.0,39.0,42.4,8.4,17.0,72.0,1010.5,2.9,0.0
神戸市 須磨区,2025-04-25 19:00:00,102.0,敏感な人に有害,pm25,102.0,39.0,40.8,4.7,16.0,59.0,1012.0,2.3,0.0
神戸市 須磨区,2025-04-25 20:00:00,91.0,普通,pm25,91.0,34.0,41.6,3.8,16.6,35.1,1009.0,3.5,99.0
神戸市 須磨区,2025-04-25 21:00:00,89.0,普通,pm25,89.0,31.0,41.6,3.8,14.5,54.0,1013.5,3.8,0.0
神戸市 須磨区,2025-04-25 22:00:00,91.0,普通,pm25,91.0,31.0,43.2,2.8,13.5,54.0,1014.5,3.2,0.0
神戸市 須磨区,2025-04-25 23:00:00,93.0,普通,pm25,93.0,36.0,43.2,2.8,13.0,45.0,1015.0,1.8,0.0
神戸市 須磨区,2025-04-26 01:00:00,87.0,普通,pm25,87.0,30.0,40.0,3.8,13.2,35.1,1011.9,1.1,99.0
神戸市 須磨区,2025-04-26 02:00:00,87.0,普通,pm25,87.0,28.0,36.1,6.5,12.2,40.0,1012.2,2.2,99.0
神戸市 須磨区,2025-04-26 03:00:00,80.0,普通,pm25,80.0,27.0,29.6,9.3,12.2,40.0,1012.2,1.4,99.0
神戸市 須磨区,2025-04-26 04:00:00,87.0,普通,pm25,87.0,30.0,27.2,10.2,12.2,40.0,1012.2,1.5,99.0
神戸市 須磨区,2025-04-26 05:00:00,87.0,普通,pm25,87.0,29.0,26.4,11.2,9.0,59.0,1015.5,1.5,0.0
神戸市 須磨区,2025-04-26 06:00:00,78.0,普通,pm25,78.0,28.0,23.3,15.8,12.0,58.0,1016.0,1.2,0.0
神戸市 須磨区,2025-04-26 07:00:00,80.0,普通,pm25,80.0,26.0,22.4,19.5,12.4,37.0,1013.7,1.2,99.0
神戸市 須磨区,2025-04-26 08:00:00,72.0,普通,pm25,72.0,26.0,37.6,4.7,13.3,46.9,1014.6,1.9,99.0
神戸市 須磨区,2025-04-26 09:00:00,72.0,普通,pm25,72.0,25.0,38.4,3.8,14.8,39.9,1014.8,1.6,99.0
神戸市 須磨区,2025-04-26 10:00:00,85.0,普通,pm25,85.0,31.0,36.8,7.5,14.8,39.9,1014.8,1.8,99.0
神戸市 須磨区,2025-04-26 11:00:00,80.0,普通,pm25,80.0,31.0,38.4,6.5,18.5,25.0,1014.5,2.8,99.0
神戸市 須磨区,2025-04-26 12:00:00,74.0,普通,pm25,74.0,24.0,44.0,3.8,18.8,23.1,1014.1,3.2,99.0
神戸市 須磨区,2025-04-26 13:00:00,70.0,普通,pm25,70.0,19.0,44.8,4.7,18.8,23.1,1014.1,2.7,99.0
神戸市 須磨区,2025-04-26 14:00:00,59.0,普通,pm25,59.0,20.0,44.8,6.5,19.0,19.5,1016.5,3.8,0.0
神戸市 須磨区,2025-04-26 15:00:00,70.0,普通,pm25,70.0,19.0,44.0,11.2,19.0,20.0,1016.0,2.4,0.0
神戸市 須磨区,2025-04-26 16:00:00,59.0,普通,pm25,59.0,18.0,43.2,12.1,19.5,23.0,1016.0,3.4,0.0
神戸市 須磨区,2025-04-26 17:00:00,65.0,普通,pm25,65.0,20.0,46.5,11.2,19.0,28.0,1016.0,1.3,0.0
神戸市 須磨区,2025-04-26 18:00:00,65.0,普通,pm25,65.0,20.0,31.2,26.9,18.5,29.0,1016.0,1.7,0.0
神戸市 須磨区,2025-04-26 19:00:00,68.0,普通,pm25,68.0,21.0,33.6,26.0,18.5,30.0,1016.0,1.4,0.0
神戸市 須磨区,2025-04-26 20:00:00,78.0,普通,pm25,78.0,24.0,25.6,35.2,16.5,63.5,1017.5,0.2,0.0
神戸市 須磨区,2025-04-26 21:00:00,76.0,普通,pm25,76.0,26.0,22.4,33.4,15.5,62.5,1018.5,0.7,0.0
神戸市 須磨区,2025-04-26 22:00:00,80.0,普通,pm25,80.0,29.0,23.3,30.6,16.0,72.0,1019.0,1.3,0.0
神戸市 須磨区,2025-04-26 23:00:00,74.0,普通,pm25,74.0,23.0,29.6,22.3,14.0,82.0,1019.0,1.5,0.0
神戸市 須磨区,2025-04-27 01:00:00,74.0,普通,pm25,74.0,25.0,28.1,15.8,14.0,62.0,1018.0,1.6,0.0
神戸市 須磨区,2025-04-27 02:00:00,76.0,普通,pm25,76.0,24.0,24.1,17.6,13.0,66.0,1018.0,1.8,0.0
神戸市 須磨区,2025-04-27 03:00:00,74.0,普通,pm25,74.0,22.0,23.3,17.6,13.0,82.0,1018.0,1.5,0.0
神戸市 須磨区,2025-04-27 04:00:00,70.0,普通,pm25,70.0,23.0,24.1,14.9,14.0,87.0,1018.0,1.2,0.0
神戸市 須磨区,2025-04-27 05:00:00,78.0,普通,pm25,78.0,24.0,27.2,11.2,12.5,73.5,1019.0,1.1,0.0
神戸市 須磨区,2025-04-27 06:00:00,78.0,普通,pm25,78.0,24.0,24.1,13.9,13.0,76.0,1019.0,1.4,0.0
神戸市 須磨区,2025-04-27 07:00:00,68.0,普通,pm25,68.0,27.0,20.8,16.7,14.5,69.0,1019.0,0.8,0.0
神戸市 須磨区,2025-04-27 08:00:00,76.0,普通,pm25,76.0,26.0,27.2,18.6,15.0,72.0,1019.0,1.2,0.0
神戸市 須磨区,2025-04-27 09:00:00,70.0,普通,pm25,70.0,26.0,29.6,13.0,15.0,72.0,1019.0,1.5,0.0
神戸市 須磨区,2025-04-27 10:00:00,74.0,普通,pm25,74.0,25.0,36.1,9.3,16.0,67.0,1019.0,1.2,0.0
神戸市 須磨区,2025-04-27 11:00:00,72.0,普通,pm25,72.0,26.0,38.4,9.3,21.0,33.0,1015.0,1.9,99.0
神戸市 須磨区,2025-04-27 12:00:00,72.0,普通,pm25,72.0,24.0,40.8,12.1,22.3,28.0,1014.5,1.4,99.0
神戸市 須磨区,2025-04-27 13:00:00,68.0,普通,pm25,68.0,20.0,46.5,11.2,22.3,32.0,1013.6,1.9,99.0
神戸市 須磨区,2025-04-27 14:00:00,70.0,普通,pm25,70.0,22.0,58.4,9.3,22.0,32.1,1012.9,1.7,99.0
神戸市 須磨区,2025-04-27 15:00:00,70.0,普通,pm25,70.0,20.0,73.8,3.8,21.7,48.0,1012.5,1.9,99.0
神戸市 須磨区,2025-04-27 16:00:00,65.0,普通,pm25,65.0,21.0,71.2,3.8,20.4,60.1,1012.1,2.2,99.0
神戸市 須磨区,2025-04-27 17:00:00,63.0,普通,pm25,63.0,20.0,66.1,5.6,19.5,64.0,1011.9,1.8,99.0
神戸市 須磨区,2025-04-27 18:00:00,65.0,普通,pm25,65.0,22.0,59.7,10.2,19.9,56.9,1011.5,2.2,99.0
神戸市 須磨区,2025-04-27 19:00:00,63.0,普通,pm25,63.0,23.0,55.8,10.2,19.8,51.1,1011.8,1.9,99.0
神戸市 須磨区,2025-04-27 20:00:00,59.0,普通,pm25,59.0,20.0,48.1,13.0,19.8,51.1,1011.8,2.2,99.0
神戸市 須磨区,2025-04-28 00:00:00,42.0,良好,pm25,42.0,18.0,52.0,5.6,18.8,52.2,1011.4,1.8,99.0
神戸市 須磨区,2025-04-28 01:00:00,55.0,普通,pm25,55.0,20.0,52.0,5.6,18.8,52.2,1011.4,1.0,99.0
神戸市 須磨区,2025-04-28 02:00:00,53.0,普通,pm25,53.0,14.0,52.0,3.8,18.2,55.0,1009.4,1.0,99.0
神戸市 須磨区,2025-04-28 03:00:00,50.0,良好,pm25,50.0,14.0,48.1,6.5,18.2,55.0,1009.4,1.3,99.0
神戸市 須磨区,2025-04-28 04:00:00,55.0,普通,pm25,55.0,16.0,47.2,6.5,18.0,72.0,1011.0,0.2,0.0
神戸市 須磨区,2025-04-28 05:00:00,55.0,普通,pm25,55.0,17.0,44.0,10.2,18.0,72.0,1012.0,1.1,0.0
神戸市 須磨区,2025-04-28 06:00:00,55.0,普通,pm25,55.0,16.0,43.2,9.3,18.0,69.5,1011.0,1.2,0.0
神戸市 須磨区,2025-04-28 07:00:00,50.0,良好,pm25,50.0,18.0,39.2,13.0,18.3,72.2,1008.0,1.1,99.0
神戸市 須磨区,2025-04-28 08:00:00,42.0,良好,pm25,42.0,13.0,44.0,9.3,19.2,66.9,1006.9,0.6,99.0
神戸市 須磨区,2025-04-28 09:00:00,53.0,普通,pm25,53.0,15.0,38.4,19.5,16.0,87.0,1010.0,0.7,0.0
神戸市 須磨区,2025-04-28 10:00:00,46.0,良好,pm25,46.0,16.0,44.8,12.1,17.0,82.0,1009.5,0.9,0.0
神戸市 須磨区,2025-04-28 11:00:00,55.0,普通,pm25,55.0,18.0,44.8,12.1,16.0,87.0,1009.0,1.2,0.0
神戸市 須磨区,2025-04-28 12:00:00,55.0,普通,pm25,55.0,18.0,44.0,8.4,16.0,87.0,1008.5,1.7,0.0
神戸市 須磨区,2025-04-28 13:00:00,57.0,普通,pm25,57.0,18.0,40.0,12.1,16.0,87.0,1008.0,1.4,0.0
神戸市 須磨区,2025-04-28 14:00:00,55.0,普通,pm25,55.0,18.0,36.8,13.9,15.0,90.0,1007.5,1.2,0.0
神戸市 須磨区,2025-04-28 15:00:00,50.0,良好,pm25,50.0,17.0,32.8,19.5,15.0,83.6,1006.0,1.1,0.0
神戸市 須磨区,2025-04-28 16:00:00,57.0,普通,pm25,57.0,20.0,36.8,18.6,14.5,90.0,1005.5,1.1,0.0
神戸市 須磨区,2025-04-28 17:00:00,42.0,良好,pm25,42.0,14.0,43.2,11.2,14.0,90.0,1004.5,2.1,0.0
神戸市 須磨区,2025-04-28 18:00:00,53.0,普通,pm25,53.0,14.0,31.2,22.3,14.0,93.0,1004.0,1.6,0.0
神戸市 須磨区,2025-04-28 19:00:00,55.0,普通,pm25,55.0,14.0,19.2,26.0,15.0,87.0,1004.0,0.2,0.0
神戸市 須磨区,2025-04-28 20:00:00,50.0,良好,pm25,50.0,15.0,11.2,27.8,14.0,93.0,1005.0,0.9,0.0
神戸市 須磨区,2025-04-28 21:00:00,46.0,良好,pm25,46.0,14.0,12.1,25.1,14.0,93.0,1005.0,1.1,0.0
神戸市 須磨区,2025-04-28 22:00:00,53.0,普通,pm25,53.0,13.0,7.3,26.0,13.5,96.5,1005.0,1.2,0.0
神戸市 須磨区,2025-04-28 23:00:00,53.0,普通,pm25,53.0,14.0,12.8,18.6,14.0,93.0,1006.0,2.6,0.0
神戸市 須磨区,2025-04-29 01:00:00,55.0,普通,pm25,55.0,17.0,17.6,13.0,14.0,93.0,1006.0,2.1,0.0
神戸市 須磨区,2025-04-29 02:00:00,57.0,普通,pm25,57.0,17.0,16.8,12.1,14.0,93.0,1006.0,1.3,0.0
神戸市 須磨区,2025-04-29 03:00:00,57.0,普通,pm25,57.0,18.0,21.6,8.4,14.0,93.0,1006.0,1.0,0.0
神戸市 須磨区,2025-04-29 04:00:00,30.0,良好,pm25,30.0,12.0,38.4,1.9,14.0,76.0,1006.0,2.3,0.0
神戸市 須磨区,2025-04-29 05:00:00,46.0,良好,pm25,46.0,13.0,36.8,3.8,14.0,69.0,1007.5,3.6,0.0
神戸市 須磨区,2025-04-29 06:00:00,50.0,良好,pm25,50.0,15.0,28.1,7.5,14.0,62.0,1008.5,1.5,0.0
神戸市 須磨区,2025-04-29 07:00:00,42.0,良好,pm25,42.0,17.0,38.4,3.8,14.0,60.0,1009.0,2.3,0.0
神戸市 須磨区,2025-04-29 08:00:00,46.0,良好,pm25,46.0,16.0,40.0,2.8,14.0,69.0,1010.0,1.5,0.0
神戸市 須磨区,2025-04-29 09:00:00,34.0,良好,pm25,34.0,12.0,40.8,1.9,14.0,67.0,1010.5,2.7,0.0
神戸市 須磨区,2025-04-29 10:00:00,46.0,良好,pm25,46.0,17.0,41.6,1.9,15.0,62.0,1011.0,3.4,0.0
神戸市 須磨区,2025-04-29 11:00:00,42.0,良好,pm25,42.0,10.0,41.6,1.9,15.0,58.0,1011.0,2.8,0.0
神戸市 須磨区,2025-04-29 12:00:00,42.0,良好,pm25,42.0,11.0,43.2,1.9,16.0,59.0,1011.0,3.0,0.0
神戸市 須磨区,2025-04-29 13:00:00,46.0,良好,pm25,46.0,14.0,44.8,1.9,16.0,57.0,1011.0,3.1,0.0
神戸市 須磨区,2025-04-29 14:00:00,50.0,良好,pm25,50.0,13.0,43.2,4.7,16.5,55.0,1011.0,1.9,0.0
神戸市 須磨区,2025-04-29 15:00:00,38.0,良好,pm25,38.0,11.0,46.5,2.8,17.0,49.5,1011.0,2.8,0.0
神戸市 須磨区,2025-04-29 16:00:00,46.0,良好,pm25,46.0,12.0,47.2,2.8,17.0,45.0,1011.0,2.6,0.0
神戸市 須磨区,2025-04-29 17:00:00,46.0,良好,pm25,46.0,14.0,48.1,2.8,17.0,43.5,1011.0,2.0,0.0
神戸市 須磨区,2025-04-29 18:00:00,53.0,普通,pm25,53.0,13.0,45.6,4.7,16.0,48.0,1012.0,2.4,0.0
神戸市 須磨区,2025-04-29 19:00:00,65.0,普通,pm25,65.0,22.0,45.6,2.8,15.0,64.5,1013.0,2.6,0.0
神戸市 須磨区,2025-04-29 20:00:00,76.0,普通,pm25,76.0,20.0,45.6,3.8,15.0,52.5,1013.5,2.1,0.0
神戸市 須磨区,2025-04-29 21:00:00,80.0,普通,pm25,80.0,27.0,44.8,3.8,14.5,47.5,1015.0,3.3,0.0
神戸市 須磨区,2025-04-29 22:00:00,80.0,普通,pm25,80.0,25.0,45.6,3.8,13.5,54.0,1015.0,2.6,0.0
神戸市 須磨区,2025-04-29 23:00:00,76.0,普通,pm25,76.0,26.0,45.6,2.8,12.5,54.0,1016.0,2.5,0.0
神戸市 須磨区,2025-04-30 01:00:00,68.0,普通,pm25,68.0,22.0,40.0,4.7,12.0,54.0,1016.0,1.3,0.0
神戸市 須磨区,2025-04-30 02:00:00,74.0,普通,pm25,74.0,24.0,34.4,7.5,11.0,62.0,1016.0,1.4,0.0
神戸市 須磨区,2025-04-30 03:00:00,76.0,普通,pm25,76.0,24.0,28.9,13.0,11.0,62.0,1017.0,1.2,0.0
神戸市 須磨区,2025-04-30 04:00:00,72.0,普通,pm25,72.0,23.0,28.9,8.4,11.0,62.0,1017.0,1.3,0.0
神戸市 須磨区,2025-04-30 05:00:00,74.0,普通,pm25,74.0,23.0,25.6,12.1,9.0,70.0,1018.0,1.1,0.0
神戸市 須磨区,2025-04-30 06:00:00,72.0,普通,pm25,72.0,22.0,12.1,26.9,11.0,66.0,1018.0,1.9,0.0
神戸市 須磨区,2025-04-30 07:00:00,65.0,普通,pm25,65.0,24.0,28.9,12.1,13.0,58.0,1019.0,0.8,0.0
神戸市 須磨区,2025-04-30 08:00:00,63.0,普通,pm25,63.0,25.0,32.8,12.1,13.1,60.0,1016.1,1.3,99.0
神戸市 須磨区,2025-04-30 09:00:00,68.0,普通,pm25,68.0,25.0,40.0,7.5,14.1,57.0,1016.2,1.9,99.0
神戸市 須磨区,2025-04-30 10:00:00,72.0,普通,pm25,72.0,23.0,39.2,9.3,15.0,54.1,1016.3,2.7,99.0
神戸市 須磨区,2025-04-30 11:00:00,74.0,普通,pm25,74.0,27.0,36.8,13.9,15.5,58.5,1019.0,2.8,0.0
神戸市 須磨区,2025-04-30 12:00:00,80.0,普通,pm25,80.0,31.0,39.2,14.9,15.5,60.5,1018.5,1.6,0.0
神戸市 須磨区,2025-04-30 13:00:00,80.0,普通,pm25,80.0,27.0,44.8,11.2,17.0,57.0,1018.0,1.7,0.0
神戸市 須磨区,2025-04-30 14:00:00,74.0,普通,pm25,74.0,26.0,47.2,13.9,17.0,59.0,1018.0,1.9,0.0
神戸市 須磨区,2025-04-30 15:00:00,76.0,普通,pm25,76.0,25.0,49.6,16.7,17.0,67.0,1017.0,1.7,0.0
神戸市 須磨区,2025-04-30 16:00:00,72.0,普通,pm25,72.0,25.0,67.4,8.4,18.0,55.0,1017.0,1.7,0.0
神戸市 須磨区,2025-04-30 17:00:00,68.0,普通,pm25,68.0,25.0,49.6,17.6,17.0,67.5,1017.0,1.0,0.0
神戸市 須磨区,2025-04-30 18:00:00,76.0,普通,pm25,76.0,25.0,22.4,49.1,16.5,68.0,1017.0,1.4,0.0
神戸市 須磨区,2025-04-30 19:00:00,65.0,普通,pm25,65.0,21.0,27.2,32.5,16.5,68.0,1017.5,0.5,0.0
神戸市 須磨区,2025-04-30 20:00:00,65.0,普通,pm25,65.0,20.0,32.8,21.3,15.5,72.5,1018.5,1.7,0.0
神戸市 須磨区,2025-04-30 21:00:00,80.0,普通,pm25,80.0,27.0,28.9,32.5,16.0,67.0,1019.0,0.5,0.0
神戸市 須磨区,2025-04-30 22:00:00,65.0,普通,pm25,65.0,23.0,25.6,30.6,17.0,45.1,1015.9,0.9,99.0
神戸市 須磨区,2025-04-30 23:00:00,68.0,普通,pm25,68.0,23.0,20.8,33.4,16.7,44.1,1015.7,1.1,99.0
神戸市 須磨区,2025-05-01 01:00:00,68.0,普通,pm25,68.0,21.0,29.6,17.6,15.6,48.9,1015.7,0.8,99.0
神戸市 須磨区,2025-05-01 02:00:00,65.0,普通,pm25,65.0,21.0,28.1,16.7,15.0,72.0,1018.0,0.9,0.0
神戸市 須磨区,2025-05-01 03:00:00,68.0,普通,pm25,68.0,21.0,22.4,18.6,14.0,71.0,1018.0,0.8,0.0
神戸市 須磨区,2025-05-01 04:00:00,70.0,普通,pm25,70.0,22.0,14.5,24.1,13.0,71.0,1018.0,1.1,0.0
神戸市 須磨区,2025-05-01 05:00:00,68.0,普通,pm25,68.0,21.0,7.3,33.4,13.0,76.0,1018.0,1.4,0.0
神戸市 須磨区,2025-05-01 06:00:00,68.0,普通,pm25,68.0,23.0,6.4,35.2,14.0,71.0,1019.0,0.8,0.0
神戸市 須磨区,2025-05-01 07:00:00,68.0,普通,pm25,68.0,24.0,31.2,15.8,16.0,67.0,1019.0,1.4,0.0
神戸市 須磨区,2025-05-01 09:00:00,70.0,普通,pm25,70.0,25.0,36.1,13.9,16.0,74.5,1019.0,3.2,0.0
神戸市 須磨区,2025-05-01 10:00:00,76.0,普通,pm25,76.0,24.0,36.1,19.5,16.5,65.5,1019.0,1.5,0.0
神戸市 須磨区,2025-05-01 11:00:00,72.0,普通,pm25,72.0,25.0,42.4,14.9,20.8,49.0,1015.8,1.5,99.0
神戸市 須磨区,2025-05-01 13:00:00,68.0,普通,pm25,68.0,21.0,44.8,11.2,18.5,72.5,1017.0,2.2,0.0
神戸市 須磨区,2025-05-01 14:00:00,65.0,普通,pm25,65.0,20.0,48.8,9.3,19.5,74.5,1015.0,3.0,0.0
神戸市 須磨区,2025-05-01 16:00:00,65.0,普通,pm25,65.0,28.0,54.5,5.6,21.2,58.0,1011.9,3.0,99.0
神戸市 須磨区,2025-05-01 17:00:00,61.0,普通,pm25,61.0,22.0,53.3,5.6,20.6,60.9,1011.8,2.4,99.0
神戸市 須磨区,2025-05-01 18:00:00,61.0,普通,pm25,61.0,20.0,54.5,3.8,19.6,67.0,1011.6,2.2,99.0
神戸市 須磨区,2025-05-01 19:00:00,65.0,普通,pm25,65.0,20.0,46.5,12.1,18.4,77.0,1011.3,3.3,99.0
神戸市 須磨区,2025-05-01 20:00:00,59.0,普通,pm25,59.0,18.0,47.2,6.5,18.1,79.0,1011.3,3.2,99.0
神戸市 須磨区,2025-05-01 21:00:00,59.0,普通,pm25,59.0,20.0,38.4,13.9,18.0,77.0,1014.0,2.4,0.0
神戸市 須磨区,2025-05-01 22:00:00,59.0,普通,pm25,59.0,20.0,32.0,18.6,17.7,80.0,1010.6,2.0,99.0
神戸市 須磨区,2025-05-01 23:00:00,55.0,普通,pm25,55.0,17.0,41.6,7.5,17.7,80.0,1010.1,1.3,99.0
神戸市 須磨区,2025-05-02 01:00:00,55.0,普通,pm25,55.0,20.0,40.0,8.4,16.0,93.0,1010.0,1.0,0.0
神戸市 須磨区,2025-05-02 02:00:00,42.0,良好,pm25,42.0,14.0,32.0,11.2,19.4,51.0,1006.0,1.0,99.0
神戸市 須磨区,2025-05-02 03:00:00,42.0,良好,pm25,42.0,13.0,42.4,7.5,18.3,63.3,1005.3,2.7,99.0
神戸市 須磨区,2025-05-02 04:00:00,42.0,良好,pm25,42.0,12.0,44.8,5.6,16.2,82.9,1004.7,3.4,99.0
神戸市 須磨区,2025-05-02 05:00:00,46.0,良好,pm25,46.0,12.0,43.2,4.7,16.0,90.2,1004.3,2.8,99.0
神戸市 須磨区,2025-05-02 06:00:00,46.0,良好,pm25,46.0,11.0,40.0,5.6,16.1,87.9,1004.2,3.2,99.0
神戸市 須磨区,2025-05-02 07:00:00,30.0,良好,pm25,30.0,11.0,39.2,7.5,16.0,90.8,1003.8,1.4,99.0
神戸市 須磨区,2025-05-02 08:00:00,34.0,良好,pm25,34.0,13.0,39.2,8.4,15.5,90.2,1004.1,1.4,99.0
神戸市 須磨区,2025-05-02 09:00:00,25.0,良好,pm25,25.0,10.0,40.8,6.5,15.0,95.0,1003.6,1.5,1.2
神戸市 須磨区,2025-05-02 10:00:00,25.0,良好,pm25,25.0,9.0,41.6,4.7,15.0,95.0,1003.6,0.8,1.2
神戸市 須磨区,2025-05-02 11:00:00,25.0,良好,pm25,25.0,9.0,35.2,12.1,15.0,96.8,1002.9,1.1,1.2
神戸市 須磨区,2025-05-02 12:00:00,13.0,良好,pm25,13.0,9.0,38.4,11.2,17.2,92.1,1001.5,1.6,1.2
神戸市 須磨区,2025-05-02 13:00:00,25.0,良好,pm25,25.0,10.0,37.6,13.0,17.6,82.1,1001.4,2.3,1.2
神戸市 須磨区,2025-05-02 14:00:00,30.0,良好,pm25,30.0,9.0,47.2,8.4,17.2,80.9,1002.1,1.3,1.2
神戸市 須磨区,2025-05-02 15:00:00,21.0,良好,pm25,21.0,10.0,52.0,4.7,19.0,73.2,1001.2,2.3,0.3
神戸市 須磨区,2025-05-02 16:00:00,25.0,良好,pm25,25.0,11.0,54.5,3.8,19.0,73.2,1001.2,4.2,0.3
神戸市 須磨区,2025-05-02 17:00:00,38.0,良好,pm25,38.0,10.0,49.6,7.5,19.4,63.9,1002.2,1.4,0.3
神戸市 須磨区,2025-05-02 18:00:00,30.0,良好,pm25,30.0,10.0,44.8,8.4,18.7,62.9,1002.6,3.1,0.3
神戸市 須磨区,2025-05-02 19:00:00,46.0,良好,pm25,46.0,15.0,39.2,2.8,17.6,54.1,1004.5,1.6,0.3
神戸市 須磨区,2025-05-02 20:00:00,53.0,普通,pm25,53.0,14.0,38.4,4.7,16.7,51.0,1005.2,1.5,0.3
神戸市 須磨区,2025-05-02 21:00:00,53.0,普通,pm25,53.0,17.0,34.4,7.5,15.6,51.0,1006.2,2.6,0.3
神戸市 須磨区,2025-05-02 22:00:00,42.0,良好,pm25,42.0,13.0,39.2,3.8,14.6,54.0,1006.6,2.6,0.3
神戸市 須磨区,2025-05-02 23:00:00,50.0,良好,pm25,50.0,12.0,40.8,2.8,14.6,53.3,1006.9,2.6,0.3
神戸市 須磨区,2025-05-03 01:00:00,50.0,良好,pm25,50.0,12.0,34.4,4.7,13.1,62.1,1007.1,1.8,0.3
神戸市 須磨区,2025-05-03 02:00:00,34.0,良好,pm25,34.0,14.0,38.4,2.8,13.2,57.1,1007.1,2.1,0.3
神戸市 須磨区,2025-05-03 03:00:00,38.0,良好,pm25,38.0,11.0,36.8,2.8,13.2,57.1,1007.1,2.5,0.3
神戸市 須磨区,2025-05-03 04:00:00,34.0,良好,pm25,34.0,11.0,40.0,1.9,13.0,69.0,1011.0,2.3,0.0
神戸市 須磨区,2025-05-03 05:00:00,42.0,良好,pm25,42.0,10.0,38.4,1.9,12.0,81.0,1010.0,2.9,0.0
神戸市 須磨区,2025-05-03 06:00:00,42.0,良好,pm25,42.0,10.0,24.8,11.2,13.5,69.0,1011.0,1.9,0.0
神戸市 須磨区,2025-05-03 07:00:00,42.0,良好,pm25,42.0,14.0,35.2,5.6,14.0,71.0,1012.0,0.6,0.0
神戸市 須磨区,2025-05-03 09:00:00,13.0,良好,pm10,42.0,13.0,35.2,7.5,14.5,62.5,1011.5,1.6,0.0
神戸市 須磨区,2025-05-03 10:00:00,53.0,普通,pm25,53.0,16.0,36.8,7.5,15.5,58.5,1011.0,1.7,0.0
神戸市 須磨区,2025-05-03 11:00:00,57.0,普通,pm25,57.0,18.0,40.0,8.4,16.0,57.0,1010.5,1.4,0.0
神戸市 須磨区,2025-05-03 12:00:00,55.0,普通,pm25,55.0,16.0,42.4,13.0,16.5,61.0,1009.5,2.3,0.0
神戸市 須磨区,2025-05-03 13:00:00,55.0,普通,pm25,55.0,17.0,45.6,10.2,17.5,52.0,1008.5,1.7,0.0
神戸市 須磨区,2025-05-03 14:00:00,53.0,普通,pm25,53.0,13.0,49.6,4.7,18.0,50.0,1007.5,1.2,0.0
神戸市 須磨区,2025-05-03 15:00:00,38.0,良好,pm25,38.0,10.0,52.0,3.8,18.0,59.0,1007.0,1.6,0.0
神戸市 須磨区,2025-05-03 16:00:00,55.0,普通,pm25,55.0,12.0,58.4,3.8,20.0,60.0,1006.0,1.4,0.0
神戸市 須磨区,2025-05-03 17:00:00,57.0,普通,pm25,57.0,14.0,55.8,6.5,20.0,58.0,1006.0,2.5,0.0
神戸市 須磨区,2025-05-03 18:00:00,55.0,普通,pm25,55.0,14.0,55.8,5.6,19.5,61.5,1005.0,2.7,0.0
神戸市 須磨区,2025-05-03 19:00:00,53.0,普通,pm25,53.0,19.0,53.3,4.7,19.0,65.5,1006.0,1.0,0.0
神戸市 須磨区,2025-05-03 20:00:00,46.0,良好,pm25,46.0,19.0,48.8,6.5,19.0,61.0,1005.5,0.9,0.0
神戸市 須磨区,2025-05-03 21:00:00,42.0,良好,pm25,42.0,16.0,50.7,3.8,19.0,70.0,1005.0,0.7,0.0
神戸市 須磨区,2025-05-03 22:00:00,50.0,良好,pm25,50.0,14.0,50.7,4.7,19.0,74.5,1005.0,0.8,0.0
神戸市 須磨区,2025-05-03 23:00:00,53.0,普通,pm25,53.0,15.0,50.7,3.8,19.0,77.0,1005.0,1.6,0.0
神戸市 須磨区,2025-05-04 01:00:00,46.0,良好,pm25,46.0,15.0,50.7,1.9,19.0,77.0,1005.0,2.3,0.0
神戸市 須磨区,2025-05-04 02:00:00,38.0,良好,pm25,38.0,12.0,47.2,2.8,18.0,82.0,1005.0,1.6,0.0
神戸市 須磨区,2025-05-04 03:00:00,42.0,良好,pm25,42.0,14.0,43.2,2.8,17.0,93.0,1006.0,2.8,0.0
神戸市 須磨区,2025-05-04 04:00:00,46.0,良好,pm25,46.0,14.0,44.0,2.8,16.0,93.0,1006.0,2.4,0.0
神戸市 須磨区,2025-05-04 05:00:00,46.0,良好,pm25,46.0,14.0,43.2,2.8,18.5,68.1,1003.5,2.5,99.0
神戸市 須磨区,2025-05-04 06:00:00,53.0,普通,pm25,53.0,17.0,38.4,5.6,18.0,72.1,1004.0,2.5,99.0
神戸市 須磨区,2025-05-04 07:00:00,50.0,良好,pm25,50.0,16.0,33.6,7.5,17.9,70.2,1004.7,2.5,99.0
神戸市 須磨区,2025-05-04 08:00:00,34.0,良好,pm25,34.0,12.0,34.4,6.5,19.0,50.2,1005.1,1.7,99.0
神戸市 須磨区,2025-05-04 09:00:00,25.0,良好,pm25,25.0,11.0,42.4,3.8,20.0,42.0,1005.1,2.1,99.0
神戸市 須磨区,2025-05-04 14:00:00,34.0,良好,pm25,34.0,9.0,44.8,2.8,21.1,40.1,1004.9,3.6,99.0
神戸市 須磨区,2025-05-04 15:00:00,25.0,良好,pm25,25.0,9.0,47.2,2.8,20.9,42.0,1005.3,3.3,99.0
神戸市 須磨区,2025-05-04 16:00:00,67.0,良い大気質,o3,13.37,17.24,41.11,12.52,19.2,53.3,1013.8,3.5,0.0
神戸市 須磨区,2025-05-04 17:00:00,68.0,良い大気質,o3,12.42,19.17,40.13,12.83,19.0,51.7,1013.8,3.1,0.0
神戸市 須磨区,2025-05-04 18:00:00,67.0,良い大気質,o3,12.94,18.49,41.29,13.02,18.8,50.0,1013.8,2.8,0.0
神戸市 須磨区,2025-05-04 19:00:00,69.0,良い大気質,o3,12.37,18.17,39.75,11.8,18.5,48.3,1013.8,2.4,0.0
神戸市 須磨区,2025-05-04 20:00:00,69.0,良い大気質,o3,12.16,15.4,38.57,10.4,18.3,46.7,1013.8,2.0,0.0
神戸市 須磨区,2025-05-04 21:00:00,69.0,良い大気質,o3,9.68,15.28,39.76,8.79,18.1,45.0,1013.8,1.6,0.0
神戸市 須磨区,2025-05-04 22:00:00,73.0,良い大気質,o3,12.54,19.99,34.76,12.43,17.9,43.3,1013.8,1.2,0.0
神戸市 須磨区,2025-05-04 23:00:00,72.0,良い大気質,o3,9.77,16.48,35.4,11.83,17.7,41.7,1013.8,0.9,0.0
神戸市 須磨区,2025-05-05 00:00:00,70.0,良い大気質,o3,10.25,17.11,37.85,12.42,22.5,60.0,1012.2,3.5,0.0
神戸市 須磨区,2025-05-05 01:00:00,76.0,良い大気質,o3,12.49,21.25,30.17,15.62,22.3,58.3,1012.2,3.1,0.0
神戸市 須磨区,2025-05-05 02:00:00,76.0,良い大気質,o3,13.95,21.44,30.37,17.38,22.1,56.7,1012.2,2.8,0.0
神戸市 須磨区,2025-05-05 03:00:00,71.0,良い大気質,o3,12.15,16.59,36.33,9.02,21.9,55.0,1012.2,2.4,0.0
神戸市 須磨区,2025-05-05 04:00:00,67.0,良い大気質,o3,16.59,23.85,42.07,12.31,21.7,53.3,1012.2,2.0,0.5
神戸市 須磨区,2025-05-05 05:00:00,61.0,良い大気質,o3,15.83,20.66,49.29,10.71,21.5,51.7,1012.2,1.6,1.0
神戸市 須磨区,2025-05-05 06:00:00,60.0,良い大気質,o3,14.97,22.27,50.63,11.95,21.2,50.0,1012.2,1.2,1.5
神戸市 須磨区,2025-05-05 07:00:00,54.0,中レベルの大気質,o3,14.28,18.12,57.59,9.8,21.0,48.3,1012.2,0.9,2.0
神戸市 須磨区,2025-05-05 08:00:00,49.0,中レベルの大気質,o3,12.81,19.17,64.05,6.32,20.8,46.7,1012.2,3.5,0.0
神戸市 須磨区,2025-05-05 09:00:00,48.0,中レベルの大気質,o3,9.9,15.06,65.0,6.08,20.6,45.0,1012.2,3.1,0.0
神戸市 須磨区,2025-05-05 10:00:00,53.0,中レベルの大気質,o3,10.56,16.9,58.81,12.91,20.4,43.3,1012.2,2.8,0.0
神戸市 須磨区,2025-05-05 11:00:00,56.0,中レベルの大気質,o3,12.73,18.09,55.28,18.33,20.2,41.7,1012.2,2.4,0.0
神戸市 須磨区,2025-05-05 12:00:00,50.0,中レベルの大気質,o3,10.43,15.91,62.32,8.98,20.0,60.0,1012.2,2.0,0.0
神戸市 須磨区,2025-05-05 13:00:00,53.0,中レベルの大気質,o3,10.18,10.51,59.57,7.02,19.8,58.3,1012.2,1.6,0.0
神戸市 須磨区,2025-05-05 14:00:00,53.0,中レベルの大気質,o3,10.73,15.96,59.46,8.93,19.6,56.7,1012.2,1.2,0.0
神戸市 須磨区,2025-05-05 15:00:00,54.0,中レベルの大気質,o3,13.1,18.32,57.63,10.28,19.4,55.0,1012.2,0.9,0.0
神戸市 須磨区,2025-05-05 16:00:00,57.0,中レベルの大気質,o3,12.03,18.3,53.76,13.43,19.2,53.3,1012.2,3.5,0.0
神戸市 須磨区,2025-05-05 17:00:00,57.0,中レベルの大気質,o3,12.71,15.62,53.59,11.3,19.0,51.7,1012.2,3.1,0.0
神戸市 須磨区,2025-05-05 18:00:00,64.0,良い大気質,o3,14.89,17.42,45.06,14.06,18.8,50.0,1012.2,2.8,0.0
神戸市 須磨区,2025-05-05 19:00:00,65.0,良い大気質,o3,11.88,20.63,44.66,8.47,18.5,48.3,1012.2,2.4,0.0
神戸市 須磨区,2025-05-05 20:00:00,71.0,良い大気質,o3,13.81,16.23,37.14,11.34,18.3,46.7,1012.2,2.0,0.0
神戸市 須磨区,2025-05-05 21:00:00,66.0,良い大気質,o3,7.72,14.44,42.7,8.47,18.1,45.0,1012.2,1.6,0.0
神戸市 須磨区,2025-05-05 22:00:00,62.0,良い大気質,o3,5.91,6.06,47.39,2.95,17.9,43.3,1012.2,1.2,0.0
神戸市 須磨区,2025-05-05 23:00:00,64.0,良い大気質,o3,8.96,13.26,45.18,9.39,17.7,41.7,1012.2,0.9,0.0
神戸市 須磨区,2025-05-06 00:00:00,63.0,良い大気質,o3,8.86,11.13,46.8,9.72,22.5,60.0,1015.5,3.5,0.0
神戸市 須磨区,2025-05-06 01:00:00,63.0,良い大気質,o3,8.61,12.7,47.18,8.95,22.3,58.3,1015.5,3.1,0.0
神戸市 須磨区,2025-05-06 02:00:00,63.0,良い大気質,o3,7.77,9.94,46.43,9.25,22.1,56.7,1015.5,2.8,0.0
神戸市 須磨区,2025-05-06 03:00:00,62.0,良い大気質,o3,3.48,10.61,48.35,6.16,21.9,55.0,1015.5,2.4,0.0
神戸市 須磨区,2025-05-06 04:00:00,59.0,中レベルの大気質,o3,5.03,10.58,52.18,4.88,21.7,53.3,1015.5,2.0,0.0
神戸市 須磨区,2025-05-06 05:00:00,58.0,中レベルの大気質,o3,5.81,9.65,52.31,6.74,21.5,51.7,1015.5,1.6,0.0
神戸市 須磨区,2025-05-06 06:00:00,57.0,中レベルの大気質,o3,4.11,9.52,54.26,5.98,21.2,50.0,1015.5,1.2,0.0
神戸市 須磨区,2025-05-06 07:00:00,56.0,中レベルの大気質,o3,5.87,9.3,55.0,5.66,21.0,48.3,1015.5,0.9,0.0
神戸市 須磨区,2025-05-06 08:00:00,56.0,中レベルの大気質,o3,4.49,9.2,55.83,5.7,20.8,46.7,1015.5,3.5,0.0
神戸市 須磨区,2025-05-06 09:00:00,56.0,中レベルの大気質,o3,4.49,9.2,55.83,5.7,20.6,45.0,1015.5,3.1,0.0
神戸市 須磨区,2025-05-06 10:00:00,57.0,中レベルの大気質,o3,4.71,7.76,54.56,5.93,20.4,43.3,1015.5,2.8,0.0
神戸市 須磨区,2025-05-06 11:00:00,63.0,良い大気質,o3,6.46,9.67,47.17,15.56,20.2,41.7,1015.5,2.4,0.0
神戸市 須磨区,2025-05-06 12:00:00,65.0,良い大気質,o3,5.49,10.23,44.49,18.39,20.0,60.0,1015.5,2.0,0.0
神戸市 須磨区,2025-05-06 13:00:00,66.0,良い大気質,o3,7.34,11.17,43.19,18.52,19.8,58.3,1015.5,1.6,0.0
神戸市 須磨区,2025-05-06 14:00:00,72.0,良い大気質,o3,6.96,12.27,35.58,20.11,19.6,56.7,1015.5,1.2,0.0
神戸市 須磨区,2025-05-06 15:00:00,61.0,良い大気質,o3,6.1,9.43,48.58,8.43,19.4,55.0,1015.5,0.9,0.0
神戸市 須磨区,2025-05-06 16:00:00,60.0,良い大気質,o3,6.0,10.31,50.47,5.14,19.2,53.3,1015.5,3.5,0.0
神戸市 須磨区,2025-05-06 17:00:00,60.0,良い大気質,o3,4.53,9.51,50.11,4.14,19.0,51.7,1015.5,3.1,0.0
神戸市 須磨区,2025-05-06 18:00:00,66.0,良い大気質,o3,8.95,11.58,43.25,5.18,18.8,50.0,1015.5,2.8,0.0
神戸市 須磨区,2025-05-06 19:00:00,59.0,中レベルの大気質,o3,4.95,8.08,51.05,2.76,18.5,48.3,1015.5,2.4,0.0
神戸市 須磨区,2025-05-06 20:00:00,59.0,中レベルの大気質,o3,6.32,9.47,51.05,3.44,18.3,46.7,1015.5,2.0,0.0
神戸市 須磨区,2025-05-06 21:00:00,59.0,中レベルの大気質,o3,9.13,13.0,52.08,4.94,18.1,45.0,1015.5,1.6,0.0
神戸市 須磨区,2025-05-06 22:00:00,59.0,中レベルの大気質,o3,9.13,13.0,52.08,4.94,17.9,43.3,1015.5,1.2,0.0
神戸市 須磨区,2025-05-06 23:00:00,63.0,良い大気質,o3,7.02,12.26,46.58,8.18,17.7,41.7,1015.5,0.9,0.0
神戸市 須磨区,2025-05-07 01:00:00,62.0,良い大気質,o3,6.65,12.16,47.31,10.28,22.3,58.3,1013.8,3.1,0.0
神戸市 須磨区,2025-05-07 03:00:00,59.0,中レベルの大気質,o3,9.35,12.03,51.15,6.62,21.9,55.0,1013.8,2.4,0.0
神戸市 須磨区,2025-05-07 05:00:00,57.0,中レベルの大気質,o3,10.34,13.72,54.07,5.14,21.5,51.7,1013.8,1.6,1.0
神戸市 須磨区,2025-05-07 07:00:00,17.0,良好,pm25,17.0,8.0,37.6,2.8,15.0,72.0,1010.0,2.9,0.0
神戸市 須磨区,2025-05-07 09:00:00,25.0,良好,pm25,25.0,7.0,40.8,1.9,16.5,54.2,1007.7,3.0,0.5
神戸市 須磨区,2025-05-07 10:00:00,21.0,良好,pm25,21.0,8.0,42.4,1.9,16.4,56.0,1008.4,3.0,0.5
神戸市 須磨区,2025-05-07 11:00:00,30.0,良好,pm25,30.0,9.0,43.2,1.9,18.1,46.0,1008.1,4.4,0.5
神戸市 須磨区,2025-05-07 12:00:00,30.0,良好,pm25,30.0,11.0,42.4,1.9,20.4,45.1,1007.8,2.7,0.5
神戸市 須磨区,2025-05-07 13:00:00,38.0,良好,pm25,38.0,11.0,43.2,1.0,19.2,42.1,1007.8,2.9,0.5
神戸市 須磨区,2025-05-07 14:00:00,25.0,良好,pm25,25.0,9.0,43.2,1.0,19.8,41.1,1007.7,3.5,0.5
神戸市 須磨区,2025-05-07 15:00:00,21.0,良好,pm25,21.0,10.0,43.2,1.0,20.4,39.1,1007.9,1.8,0.5
神戸市 須磨区,2025-05-07 16:00:00,38.0,良好,pm25,38.0,10.0,43.2,5.6,19.5,36.2,1008.0,3.3,0.5
神戸市 須磨区,2025-05-07 17:00:00,34.0,良好,pm25,34.0,10.0,45.6,8.4,19.2,37.1,1008.8,3.2,0.5
神戸市 須磨区,2025-05-07 18:00:00,13.0,良好,pm25,13.0,10.0,40.8,5.6,18.4,35.1,1009.8,1.8,0.5
神戸市 須磨区,2025-05-07 19:00:00,34.0,良好,pm25,34.0,9.0,40.8,1.9,17.0,47.0,1010.8,1.8,0.5
神戸市 須磨区,2025-05-07 20:00:00,34.0,良好,pm25,34.0,10.0,38.4,3.8,16.3,46.1,1011.3,2.3,0.5
神戸市 須磨区,2025-05-07 21:00:00,21.0,良好,pm25,21.0,9.0,40.0,3.8,15.6,48.9,1012.5,1.7,99.0
神戸市 須磨区,2025-05-07 22:00:00,25.0,良好,pm25,25.0,8.0,37.6,5.6,15.0,47.1,1012.9,2.1,99.0
神戸市 須磨区,2025-05-07 23:00:00,30.0,良好,pm25,30.0,8.0,39.2,4.7,15.0,47.1,1012.9,1.6,99.0
神戸市 須磨区,2025-05-08 01:00:00,17.0,良好,pm25,17.0,5.0,38.4,2.8,13.6,41.0,1013.4,1.4,99.0
神戸市 須磨区,2025-05-08 02:00:00,34.0,良好,pm25,34.0,9.0,24.1,13.0,12.6,50.2,1013.9,0.8,99.0
神戸市 須磨区,2025-05-08 03:00:00,25.0,良好,pm25,25.0,8.0,19.2,16.7,12.6,47.1,1014.2,1.4,99.0
神戸市 須磨区,2025-05-08 04:00:00,25.0,良好,pm25,25.0,8.0,17.6,16.7,11.6,54.0,1014.9,1.1,99.0
神戸市 須磨区,2025-05-08 05:00:00,30.0,良好,pm25,30.0,8.0,15.2,19.5,11.7,54.0,1015.1,1.6,99.0
神戸市 須磨区,2025-05-08 06:00:00,30.0,良好,pm25,30.0,10.0,6.4,31.5,12.1,48.0,1016.1,1.4,99.0
神戸市 須磨区,2025-05-08 07:00:00,21.0,良好,pm25,21.0,9.0,11.2,27.8,14.0,50.9,1016.9,1.0,99.0
神戸市 須磨区,2025-05-08 08:00:00,30.0,良好,pm25,30.0,10.0,21.6,17.6,15.8,41.1,1017.3,0.3,99.0
神戸市 須磨区,2025-05-08 09:00:00,25.0,良好,pm25,25.0,10.0,28.1,13.9,16.6,43.1,1017.4,1.4,99.0
神戸市 須磨区,2025-05-08 10:00:00,21.0,良好,pm25,21.0,11.0,28.9,13.9,17.7,46.2,1017.3,1.8,99.0
神戸市 須磨区,2025-05-08 11:00:00,38.0,良好,pm25,38.0,11.0,40.0,5.6,18.4,45.2,1017.1,1.6,99.0
神戸市 須磨区,2025-05-08 12:00:00,30.0,良好,pm25,30.0,11.0,40.0,7.5,19.3,44.2,1016.4,3.0,99.0
神戸市 須磨区,2025-05-08 13:00:00,34.0,良好,pm25,34.0,11.0,44.0,8.4,21.1,35.1,1015.4,1.9,99.0
神戸市 須磨区,2025-05-08 14:00:00,30.0,良好,pm25,30.0,10.0,48.1,7.5,22.5,32.0,1014.7,1.8,99.0
神戸市 須磨区,2025-05-08 15:00:00,34.0,良好,pm25,34.0,9.0,44.8,13.9,21.8,33.0,1014.7,2.4,99.0
神戸市 須磨区,2025-05-08 16:00:00,30.0,良好,pm25,30.0,10.0,44.8,13.0,23.7,25.0,1015.5,2.2,99.0
神戸市 須磨区,2025-05-08 17:00:00,38.0,良好,pm25,38.0,10.0,52.0,7.5,22.4,26.1,1015.6,2.1,99.0
神戸市 須磨区,2025-05-08 18:00:00,34.0,良好,pm25,34.0,10.0,47.2,13.0,20.9,27.0,1016.0,1.4,99.0
神戸市 須磨区,2025-05-08 19:00:00,30.0,良好,pm25,30.0,9.0,40.8,15.8,20.2,27.0,1016.9,0.7,99.0
神戸市 須磨区,2025-05-08 20:00:00,21.0,良好,pm25,21.0,9.0,38.4,13.0,19.3,32.0,1017.4,1.0,99.0
神戸市 須磨区,2025-05-08 21:00:00,38.0,良好,pm25,38.0,10.0,39.2,10.2,19.3,32.0,1017.4,1.3,99.0
神戸市 須磨区,2025-05-08 22:00:00,46.0,良好,pm25,46.0,12.0,43.2,9.3,19.3,32.0,1017.4,0.4,99.0
神戸市 須磨区,2025-05-08 23:00:00,34.0,良好,pm25,34.0,10.0,36.8,13.0,18.0,62.0,1018.4,0.1,99.0
神戸市 須磨区,2025-05-09 01:00:00,46.0,良好,pm25,46.0,11.0,25.6,19.5,17.5,63.1,1017.5,0.6,99.0
神戸市 須磨区,2025-05-09 02:00:00,42.0,良好,pm25,42.0,10.0,20.0,19.5,17.6,60.2,1017.1,0.1,99.0
神戸市 須磨区,2025-05-09 03:00:00,38.0,良好,pm25,38.0,12.0,18.4,17.6,17.6,60.2,1017.1,1.1,99.0
神戸市 須磨区,2025-05-09 04:00:00,42.0,良好,pm25,42.0,14.0,15.2,21.3,17.7,64.0,1017.4,0.9,99.0
神戸市 須磨区,2025-05-09 05:00:00,38.0,良好,pm25,38.0,14.0,19.2,16.7,17.5,67.9,1017.7,0.7,99.0
神戸市 須磨区,2025-05-09 06:00:00,50.0,良好,pm25,50.0,14.0,4.0,36.2,17.7,73.0,1017.3,0.5,99.0
神戸市 須磨区,2025-05-09 07:00:00,42.0,良好,pm25,42.0,13.0,13.6,24.1,18.6,77.1,1016.8,0.2,99.0
神戸市 須磨区,2025-05-09 08:00:00,50.0,良好,pm25,50.0,17.0,19.2,19.5,19.3,71.9,1016.6,1.4,99.0
神戸市 須磨区,2025-05-09 09:00:00,53.0,普通,pm25,53.0,18.0,20.0,18.6,19.8,67.9,1016.4,2.5,99.0
神戸市 須磨区,2025-05-09 10:00:00,65.0,普通,pm25,65.0,20.0,7.3,38.0,20.5,65.9,1016.4,1.7,99.0
神戸市 須磨区,2025-05-09 11:00:00,42.0,良好,pm25,42.0,7.0,11.2,34.3,20.5,65.9,1016.4,1.4,99.0
神戸市 須磨区,2025-05-09 12:00:00,61.0,普通,pm25,61.0,33.0,20.0,29.7,20.4,67.1,1014.1,1.1,99.0
神戸市 須磨区,2025-05-09 13:00:00,61.0,普通,pm25,61.0,24.0,24.8,27.8,20.4,57.0,1013.5,1.8,99.0
神戸市 須磨区,2025-05-09 14:00:00,55.0,普通,pm25,55.0,24.0,26.4,28.8,19.5,70.1,1013.2,1.4,99.0
神戸市 須磨区,2025-05-09 15:00:00,55.0,普通,pm25,55.0,18.0,28.9,20.4,19.6,71.0,1012.2,0.2,99.5
神戸市 須磨区,2025-05-09 16:00:00,50.0,良好,pm25,50.0,18.0,32.8,10.2,18.6,80.1,1011.4,0.8,99.5
神戸市 須磨区,2025-05-09 17:00:00,50.0,良好,pm25,50.0,18.0,32.0,12.1,18.4,81.1,1010.5,0.6,99.5
神戸市 須磨区,2025-05-09 18:00:00,46.0,良好,pm25,46.0,17.0,25.6,20.4,18.1,91.0,1009.8,1.7,99.5
神戸市 須磨区,2025-05-09 19:00:00,55.0,普通,pm25,55.0,24.0,10.4,39.9,17.5,95.1,1009.7,1.3,99.5
神戸市 須磨区,2025-05-09 20:00:00,55.0,普通,pm25,55.0,20.0,12.1,34.3,17.2,92.1,1009.5,1.2,99.5
神戸市 須磨区,2025-05-09 21:00:00,30.0,良好,pm25,30.0,14.0,27.2,11.2,16.7,90.9,1008.6,3.4,0.9
神戸市 須磨区,2025-05-09 22:00:00,38.0,良好,pm25,38.0,15.0,28.9,9.3,16.8,90.9,1008.3,2.5,0.9
神戸市 須磨区,2025-05-09 23:00:00,38.0,良好,pm25,38.0,12.0,33.6,7.5,16.7,93.2,1007.4,2.5,0.9
神戸市 須磨区,2025-05-10 01:00:00,21.0,良好,pm25,21.0,2.0,36.8,3.8,17.7,92.1,1001.9,4.0,0.9
神戸市 須磨区,2025-05-10 03:00:00,6.0,良好,pm10,5.0,6.0,32.0,2.8,17.7,92.1,1001.9,3.2,0.9
神戸市 須磨区,2025-05-10 04:00:00,9.0,良好,pm25,9.0,3.0,32.0,5.6,19.6,81.3,999.7,2.4,0.9
神戸市 須磨区,2025-05-10 06:00:00,9.0,良好,pm25,9.0,5.0,28.9,7.5,19.6,82.8,999.8,2.7,0.9
神戸市 須磨区,2025-05-10 07:00:00,13.0,良好,pm25,13.0,4.0,23.3,12.1,19.6,82.8,999.8,1.2,0.9
神戸市 須磨区,2025-05-10 08:00:00,17.0,良好,pm25,17.0,4.0,21.6,17.6,17.0,100.0,1002.0,1.5,0.0
神戸市 須磨区,2025-05-10 09:00:00,13.0,良好,pm25,13.0,8.0,19.2,15.8,18.0,93.0,1002.0,0.8,0.0
神戸市 須磨区,2025-05-10 10:00:00,25.0,良好,pm25,25.0,12.0,22.4,13.0,18.5,90.5,1001.5,0.4,0.0
神戸市 須磨区,2025-05-10 11:00:00,30.0,良好,pm25,30.0,27.0,28.9,6.5,19.0,90.5,1001.0,1.2,0.0
神戸市 須磨区,2025-05-10 12:00:00,17.0,良好,pm25,17.0,15.0,34.4,2.8,22.0,85.5,1000.5,3.3,0.0
神戸市 須磨区,2025-05-10 13:00:00,21.0,良好,pm25,21.0,10.0,31.2,6.5,20.7,93.7,1000.5,3.7,0.0
神戸市 須磨区,2025-05-10 14:00:00,30.0,良好,pm25,30.0,13.0,33.6,4.7,20.0,90.5,1001.0,1.7,0.0
神戸市 須磨区,2025-05-10 15:00:00,34.0,良好,pm25,34.0,12.0,31.2,7.5,20.0,90.5,1001.0,1.8,0.0
神戸市 須磨区,2025-05-10 16:00:00,34.0,良好,pm25,34.0,14.0,46.5,3.8,21.0,85.5,1000.5,3.5,0.0
神戸市 須磨区,2025-05-10 17:00:00,42.0,良好,pm25,42.0,16.0,48.8,4.7,21.5,80.0,1000.5,3.7,0.0
神戸市 須磨区,2025-05-10 18:00:00,38.0,良好,pm25,38.0,15.0,48.1,4.7,20.5,73.0,1001.5,4.3,0.0
神戸市 須磨区,2025-05-10 19:00:00,50.0,良好,pm25,50.0,18.0,49.6,2.8,20.5,64.0,1002.5,5.9,0.0
神戸市 須磨区,2025-05-10 20:00:00,38.0,良好,pm25,38.0,18.0,47.2,4.7,20.0,66.0,1003.5,6.7,0.0
神戸市 須磨区,2025-05-10 21:00:00,38.0,良好,pm25,38.0,20.0,47.2,3.8,19.0,68.0,1003.5,4.6,0.0
神戸市 須磨区,2025-05-10 22:00:00,50.0,良好,pm25,50.0,18.0,48.1,1.9,19.0,68.0,1004.0,3.6,0.0
神戸市 須磨区,2025-05-10 23:00:00,55.0,普通,pm25,55.0,21.0,45.6,2.8,18.5,70.0,1005.0,3.2,0.0
神戸市 須磨区,2025-05-11 01:00:00,46.0,良好,pm25,46.0,16.0,44.0,2.8,18.0,72.0,1005.0,3.6,0.0
神戸市 須磨区,2025-05-11 02:00:00,38.0,良好,pm25,38.0,14.0,42.4,1.9,17.0,77.0,1006.0,4.1,0.0
神戸市 須磨区,2025-05-11 03:00:00,30.0,良好,pm25,30.0,8.0,43.2,1.9,17.0,77.0,1006.0,1.6,0.0
神戸市 須磨区,2025-05-11 04:00:00,34.0,良好,pm25,34.0,10.0,41.6,1.9,16.0,87.0,1006.0,2.0,0.0
神戸市 須磨区,2025-05-11 05:00:00,25.0,良好,pm25,25.0,6.0,40.8,1.9,15.0,90.0,1007.0,2.1,0.0
神戸市 須磨区,2025-05-11 06:00:00,25.0,良好,pm25,25.0,7.0,36.8,3.8,16.0,90.0,1007.5,1.4,0.0
神戸市 須磨区,2025-05-11 07:00:00,17.0,良好,pm25,17.0,7.0,36.1,5.6,17.5,79.5,1008.0,2.3,0.0
神戸市 須磨区,2025-05-11 08:00:00,21.0,良好,pm25,21.0,8.0,38.4,4.7,17.5,77.0,1008.0,2.5,0.0
神戸市 須磨区,2025-05-11 09:00:00,25.0,良好,pm25,25.0,10.0,42.4,3.8,18.5,72.0,1008.0,2.8,0.0
神戸市 須磨区,2025-05-11 10:00:00,34.0,良好,pm25,34.0,13.0,44.0,3.8,18.5,74.5,1008.0,2.3,0.0
神戸市 須磨区,2025-05-11 11:00:00,25.0,良好,pm25,25.0,10.0,45.6,3.8,18.0,72.0,1008.0,3.8,0.0
神戸市 須磨区,2025-05-11 12:00:00,25.0,良好,pm25,25.0,8.0,49.6,1.9,19.0,65.5,1007.0,4.3,0.0
神戸市 須磨区,2025-05-11 13:00:00,34.0,良好,pm25,34.0,10.0,49.6,3.8,19.0,61.0,1007.0,4.3,0.0
神戸市 須磨区,2025-05-11 14:00:00,30.0,良好,pm25,30.0,10.0,48.8,2.8,18.5,72.0,1006.5,3.3,0.0
神戸市 須磨区,2025-05-11 15:00:00,30.0,良好,pm25,30.0,8.0,47.2,3.8,18.0,72.0,1006.5,4.1,0.0
神戸市 須磨区,2025-05-11 16:00:00,34.0,良好,pm25,34.0,9.0,48.1,4.7,18.0,72.0,1007.0,2.6,0.0
神戸市 須磨区,2025-05-11 17:00:00,25.0,良好,pm25,25.0,9.0,45.6,5.6,18.0,72.0,1006.5,2.9,0.0
神戸市 須磨区,2025-05-11 18:00:00,25.0,良好,pm25,25.0,7.0,42.4,9.3,18.9,58.2,1002.9,2.1,99.5
神戸市 須磨区,2025-05-11 19:00:00,38.0,良好,pm25,38.0,10.0,36.8,12.1,18.2,62.0,1003.2,1.1,99.5
神戸市 須磨区,2025-05-11 20:00:00,46.0,良好,pm25,46.0,12.0,40.0,6.5,17.0,73.8,1003.7,1.4,99.5
神戸市 須磨区,2025-05-11 21:00:00,42.0,良好,pm25,42.0,13.0,40.8,6.5,17.0,73.8,1003.7,4.1,99.5
神戸市 須磨区,2025-05-11 22:00:00,42.0,良好,pm25,42.0,10.0,43.2,3.8,15.6,82.9,1005.7,3.2,99.5
神戸市 須磨区,2025-05-11 23:00:00,50.0,良好,pm25,50.0,13.0,38.4,4.7,15.5,85.1,1005.0,3.0,99.5
神戸市 須磨区,2025-05-12 01:00:00,42.0,良好,pm25,42.0,10.0,43.2,1.9,15.0,93.0,1007.5,3.7,0.0
神戸市 須磨区,2025-05-12 02:00:00,42.0,良好,pm25,42.0,11.0,40.8,1.9,14.0,100.0,1008.0,2.3,0.0
神戸市 須磨区,2025-05-12 03:00:00,34.0,良好,pm25,34.0,11.0,40.0,2.8,15.0,93.0,1008.0,2.1,0.0
神戸市 須磨区,2025-05-12 04:00:00,42.0,良好,pm25,42.0,10.0,36.8,4.7,15.1,86.1,1005.1,2.0,0.6
神戸市 須磨区,2025-05-12 05:00:00,38.0,良好,pm25,38.0,12.0,34.4,4.7,15.3,87.3,1005.6,0.8,0.6
神戸市 須磨区,2025-05-12 06:00:00,46.0,良好,pm25,46.0,12.0,32.0,5.6,15.4,85.1,1005.9,0.7,0.6
神戸市 須磨区,2025-05-12 07:00:00,50.0,良好,pm25,50.0,17.0,29.6,7.5,16.0,84.5,1010.0,0.5,0.0
神戸市 須磨区,2025-05-12 08:00:00,59.0,普通,pm25,59.0,23.0,28.1,7.5,16.0,87.0,1010.0,1.9,0.0
神戸市 須磨区,2025-05-12 09:00:00,59.0,普通,pm25,59.0,19.0,32.8,5.6,16.5,84.5,1011.0,3.6,0.0
神戸市 須磨区,2025-05-12 10:00:00,50.0,良好,pm25,50.0,18.0,36.8,3.8,17.0,82.0,1010.5,4.2,0.0
神戸市 須磨区,2025-05-12 11:00:00,63.0,普通,pm25,63.0,19.0,38.4,5.6,18.5,73.1,1006.9,3.3,0.6
神戸市 須磨区,2025-05-12 12:00:00,61.0,普通,pm25,61.0,20.0,40.8,4.7,18.9,66.0,1006.9,2.3,0.6
神戸市 須磨区,2025-05-12 13:00:00,65.0,普通,pm25,65.0,22.0,44.0,6.5,19.3,65.2,1006.9,2.4,0.6
神戸市 須磨区,2025-05-12 14:00:00,65.0,普通,pm25,65.0,26.0,50.7,5.6,19.0,72.0,1010.0,2.7,0.0
神戸市 須磨区,2025-05-12 15:00:00,72.0,普通,pm25,72.0,25.0,59.7,5.6,18.0,74.5,1010.0,2.2,0.0
神戸市 須磨区,2025-05-12 16:00:00,72.0,普通,pm25,72.0,24.0,49.6,15.8,18.0,77.0,1010.0,1.9,0.0
神戸市 須磨区,2025-05-12 17:00:00,70.0,普通,pm25,70.0,22.0,40.8,23.2,18.0,79.5,1010.0,1.7,0.0
神戸市 須磨区,2025-05-12 18:00:00,68.0,普通,pm25,68.0,23.0,48.1,14.9,18.0,79.5,1010.5,1.2,0.0
神戸市 須磨区,2025-05-12 19:00:00,68.0,普通,pm25,68.0,22.0,31.2,31.5,18.0,77.0,1011.5,1.3,0.0
神戸市 須磨区,2025-05-12 20:00:00,68.0,普通,pm25,68.0,21.0,38.4,21.3,18.0,82.0,1012.0,1.3,0.0
神戸市 須磨区,2025-05-12 21:00:00,63.0,普通,pm25,63.0,20.0,31.2,24.1,17.0,88.0,1013.0,0.9,0.0
神戸市 須磨区,2025-05-12 22:00:00,63.0,普通,pm25,63.0,19.0,24.1,28.8,16.5,87.5,1013.0,0.3,0.0
神戸市 須磨区,2025-05-12 23:00:00,53.0,普通,pm25,53.0,14.0,23.3,21.3,16.0,90.0,1014.0,1.3,0.0
神戸市 須磨区,2025-05-13 01:00:00,57.0,普通,pm25,57.0,17.0,13.6,22.3,16.0,87.0,1014.0,0.8,0.0
神戸市 須磨区,2025-05-13 02:00:00,55.0,普通,pm25,55.0,14.0,16.8,16.7,16.0,77.0,1014.0,1.0,0.0
神戸市 須磨区,2025-05-13 03:00:00,55.0,普通,pm25,55.0,15.0,14.5,18.6,15.0,93.0,1015.0,1.0,0.0
神戸市 須磨区,2025-05-13 04:00:00,55.0,普通,pm25,55.0,18.0,9.6,20.4,15.0,87.0,1016.5,0.8,0.0
神戸市 須磨区,2025-05-13 06:00:00,59.0,普通,pm25,59.0,19.0,5.6,22.3,16.0,87.0,1017.5,0.9,0.0
神戸市 須磨区,2025-05-13 07:00:00,57.0,普通,pm25,57.0,20.0,8.8,22.3,16.5,87.5,1018.0,0.2,0.0
神戸市 須磨区,2025-05-13 08:00:00,63.0,普通,pm25,63.0,20.0,16.8,21.3,17.0,88.0,1018.0,0.5,0.0
神戸市 須磨区,2025-05-13 09:00:00,72.0,普通,pm25,72.0,27.0,16.8,23.2,17.5,88.0,1018.0,1.8,0.0
神戸市 須磨区,2025-05-13 10:00:00,72.0,普通,pm25,72.0,28.0,25.6,20.4,18.0,82.0,1018.5,1.8,0.0
神戸市 須磨区,2025-05-13 11:00:00,61.0,普通,pm25,61.0,25.0,40.0,16.7,18.5,79.5,1018.0,1.8,0.0
神戸市 須磨区,2025-05-13 12:00:00,61.0,普通,pm25,61.0,20.0,64.8,8.4,19.5,70.0,1018.0,2.6,0.0
神戸市 須磨区,2025-05-13 13:00:00,70.0,普通,pm25,70.0,23.0,67.4,10.2,20.5,68.0,1017.5,2.0,0.0
神戸市 須磨区,2025-05-13 14:00:00,70.0,普通,pm25,70.0,26.0,76.3,8.4,21.0,68.0,1017.0,2.6,0.0
神戸市 須磨区,2025-05-13 15:00:00,68.0,普通,pm25,68.0,23.0,75.0,12.1,21.0,70.5,1017.0,2.7,0.0
神戸市 須磨区,2025-05-13 16:00:00,70.0,普通,pm25,70.0,22.0,89.2,6.5,22.0,58.0,1017.0,1.7,0.0
神戸市 須磨区,2025-05-13 17:00:00,61.0,普通,pm25,61.0,20.0,69.9,10.2,23.0,41.5,1017.0,2.0,0.0
神戸市 須磨区,2025-05-13 18:00:00,61.0,普通,pm25,61.0,18.0,54.5,15.8,21.5,52.5,1017.0,1.9,0.0
神戸市 須磨区,2025-05-13 19:00:00,61.0,普通,pm25,61.0,19.0,41.6,30.6,20.0,56.0,1018.0,1.1,0.0
神戸市 須磨区,2025-05-13 20:00:00,63.0,普通,pm25,63.0,20.0,55.8,15.8,19.0,65.5,1018.0,1.1,0.0
神戸市 須磨区,2025-05-13 21:00:00,70.0,普通,pm25,70.0,25.0,57.1,13.9,18.5,65.5,1018.0,1.6,0.0
神戸市 須磨区,2025-05-13 22:00:00,70.0,普通,pm25,70.0,20.0,59.7,9.3,18.0,79.5,1018.0,2.2,0.0
神戸市 須磨区,2025-05-13 23:00:00,61.0,普通,pm25,61.0,21.0,66.1,4.7,18.0,69.5,1018.5,2.1,0.0
神戸市 須磨区,2025-05-14 01:00:00,61.0,普通,pm25,61.0,23.0,58.4,5.6,17.0,77.0,1019.0,1.3,0.0
神戸市 須磨区,2025-05-14 02:00:00,68.0,普通,pm25,68.0,17.0,44.0,7.5,18.6,69.0,1015.5,0.5,0.6
神戸市 須磨区,2025-05-14 03:00:00,65.0,普通,pm25,65.0,18.0,32.8,10.2,18.6,69.0,1015.5,0.8,0.6
神戸市 須磨区,2025-05-14 04:00:00,61.0,普通,pm25,61.0,20.0,29.6,11.2,18.1,64.9,1015.7,1.2,0.6
神戸市 須磨区,2025-05-14 05:00:00,59.0,普通,pm25,59.0,20.0,20.8,20.4,17.3,63.0,1016.4,0.9,0.6
神戸市 須磨区,2025-05-14 06:00:00,61.0,普通,pm25,61.0,20.0,12.8,31.5,17.7,60.3,1016.9,0.5,0.6
神戸市 須磨区,2025-05-14 07:00:00,59.0,普通,pm25,59.0,20.0,16.0,32.5,18.5,61.3,1017.6,0.7,0.6
神戸市 須磨区,2025-05-14 08:00:00,61.0,普通,pm25,61.0,21.0,26.4,29.7,19.6,59.9,1018.0,0.9,0.6
神戸市 須磨区,2025-05-14 09:00:00,70.0,普通,pm25,70.0,25.0,27.2,26.9,18.0,85.0,1021.0,1.7,0.0
神戸市 須磨区,2025-05-14 10:00:00,76.0,普通,pm25,76.0,29.0,34.4,24.1,21.2,57.2,1018.0,1.6,0.6
神戸市 須磨区,2025-05-14 11:00:00,78.0,普通,pm25,78.0,28.0,34.4,27.8,22.9,46.1,1017.9,1.8,0.6
神戸市 須磨区,2025-05-14 12:00:00,68.0,普通,pm25,68.0,21.0,50.7,18.6,23.4,45.9,1017.2,1.9,0.6
神戸市 須磨区,2025-05-14 13:00:00,61.0,普通,pm25,61.0,18.0,72.5,4.7,24.9,44.0,1016.8,1.3,0.6
神戸市 須磨区,2025-05-14 14:00:00,63.0,普通,pm25,63.0,20.0,71.2,6.5,21.5,72.5,1019.0,1.6,0.0
神戸市 須磨区,2025-05-14 15:00:00,59.0,普通,pm25,59.0,20.0,59.7,13.0,22.0,64.0,1018.0,1.6,0.0
神戸市 須磨区,2025-05-14 16:00:00,59.0,普通,pm25,59.0,19.0,62.2,8.4,23.7,40.0,1015.4,1.9,0.6
神戸市 須磨区,2025-05-14 17:00:00,59.0,普通,pm25,59.0,18.0,57.1,10.2,23.7,40.0,1015.4,1.8,0.6
神戸市 須磨区,2025-05-14 18:00:00,57.0,普通,pm25,57.0,16.0,49.6,13.0,22.0,52.0,1015.5,1.4,0.6
神戸市 須磨区,2025-05-14 19:00:00,57.0,普通,pm25,57.0,18.0,48.1,13.9,21.1,59.1,1016.0,1.5,0.6
神戸市 須磨区,2025-05-14 20:00:00,57.0,普通,pm25,57.0,19.0,46.5,13.0,20.8,61.0,1016.4,1.3,0.6
神戸市 須磨区,2025-05-14 21:00:00,61.0,普通,pm25,61.0,20.0,44.0,13.0,21.0,66.0,1019.0,0.8,0.0
神戸市 須磨区,2025-05-14 22:00:00,73.0,良い大気質,pm25,,,,,17.9,43.3,1012.2,1.2,0.0
神戸市 須磨区,2025-05-14 23:00:00,68.0,良い大気質,pm25,19.65,26.05,20.57,34.61,17.7,41.7,1012.2,0.9,0.0
神戸市 須磨区,2025-05-15 01:00:00,71.0,良い大気質,pm25,17.98,26.04,25.2,32.57,22.3,58.3,1015.5,3.1,0.0
神戸市 須磨区,2025-05-15 02:00:00,65.0,良い大気質,o3,20.38,28.42,44.04,22.78,22.1,56.7,1015.5,2.8,0.0
神戸市 須磨区,2025-05-15 03:00:00,56.0,中レベルの大気質,o3,19.91,26.78,55.36,14.25,21.9,55.0,1015.5,2.4,0.0
神戸市 須磨区,2025-05-15 04:00:00,50.0,中レベルの大気質,o3,18.07,22.43,62.41,9.72,21.7,53.3,1015.5,2.0,0.5
神戸市 須磨区,2025-05-15 05:00:00,50.0,中レベルの大気質,o3,18.43,25.35,63.02,9.46,21.5,51.7,1015.5,1.6,1.0
神戸市 須磨区,2025-05-15 06:00:00,49.0,中レベルの大気質,o3,19.13,21.72,64.44,8.14,21.2,50.0,1015.5,1.2,1.5
神戸市 須磨区,2025-05-15 07:00:00,51.0,中レベルの大気質,o3,17.32,22.09,61.07,8.64,21.0,48.3,1015.5,0.9,2.0
神戸市 須磨区,2025-05-15 08:00:00,57.0,中レベルの大気質,o3,16.58,20.94,53.54,14.18,20.8,46.7,1015.5,3.5,0.0
神戸市 須磨区,2025-05-15 09:00:00,62.0,良い大気質,o3,16.58,21.17,48.22,18.04,20.6,45.0,1015.5,3.1,0.0
神戸市 須磨区,2025-05-15 10:00:00,58.0,中レベルの大気質,o3,15.54,20.95,52.7,15.86,20.4,43.3,1015.5,2.8,0.0
神戸市 須磨区,2025-05-15 11:00:00,54.0,中レベルの大気質,o3,15.37,23.5,58.01,10.13,20.2,41.7,1015.5,2.4,0.0
神戸市 須磨区,2025-05-15 12:00:00,56.0,中レベルの大気質,o3,14.33,21.92,55.97,12.22,20.0,60.0,1015.5,2.0,0.0
神戸市 須磨区,2025-05-15 13:00:00,55.0,中レベルの大気質,o3,15.06,19.13,57.11,12.13,19.8,58.3,1015.5,1.6,0.0
神戸市 須磨区,2025-05-15 14:00:00,54.0,中レベルの大気質,o3,15.11,19.38,57.89,9.26,19.6,56.7,1015.5,1.2,0.0
神戸市 須磨区,2025-05-15 15:00:00,55.0,中レベルの大気質,o3,13.42,19.76,57.07,9.83,19.4,55.0,1015.5,0.9,0.0
神戸市 須磨区,2025-05-15 16:00:00,58.0,中レベルの大気質,o3,13.02,18.92,52.63,9.76,19.2,53.3,1015.5,3.5,0.0
神戸市 須磨区,2025-05-15 17:00:00,60.0,良い大気質,o3,16.33,18.95,49.83,11.1,19.0,51.7,1015.5,3.1,0.0
神戸市 須磨区,2025-05-15 18:00:00,63.0,良い大気質,o3,13.55,18.9,46.55,11.66,18.8,50.0,1015.5,2.8,0.0
神戸市 須磨区,2025-05-15 19:00:00,64.0,良い大気質,o3,14.9,21.66,45.57,11.64,18.5,48.3,1015.5,2.4,0.0
神戸市 須磨区,2025-05-15 20:00:00,68.0,良い大気質,o3,15.84,21.59,40.21,12.75,18.3,46.7,1015.5,2.0,0.0
神戸市 須磨区,2025-05-15 21:00:00,76.0,良い大気質,pm25,15.09,21.0,29.18,20.62,18.1,45.0,1015.5,1.6,0.0
神戸市 須磨区,2025-05-15 22:00:00,76.0,良い大気質,pm25,15.05,21.53,15.51,31.35,17.9,43.3,1015.5,1.2,0.0
神戸市 須磨区,2025-05-15 23:00:00,74.0,良い大気質,no2,14.4,20.33,15.43,33.95,17.7,41.7,1015.5,0.9,0.0
神戸市 須磨区,2025-05-16 00:00:00,46.0,良好,pm25,46.0,13.0,36.8,7.5,17.0,93.0,1020.0,0.9,0.0
神戸市 須磨区,2025-05-16 01:00:00,46.0,良好,pm25,46.0,16.0,36.1,6.5,18.0,88.0,1020.0,0.7,0.0
神戸市 須磨区,2025-05-16 02:00:00,53.0,普通,pm25,53.0,16.0,32.0,7.5,18.0,93.0,1020.0,0.8,0.0
神戸市 須磨区,2025-05-16 09:00:00,59.0,普通,pm25,59.0,21.0,9.6,34.3,19.0,90.5,1020.0,2.0,0.0
神戸市 須磨区,2025-05-16 10:00:00,63.0,普通,pm25,63.0,20.0,11.2,32.5,22.3,69.3,1017.1,2.0,99.0
神戸市 須磨区,2025-05-16 11:00:00,59.0,普通,pm25,59.0,18.0,11.2,33.4,22.8,67.2,1016.8,2.1,99.0
神戸市 須磨区,2025-05-16 12:00:00,53.0,普通,pm25,53.0,23.0,32.0,13.9,23.0,66.0,1016.1,1.1,99.0
神戸市 須磨区,2025-05-16 13:00:00,53.0,普通,pm25,53.0,17.0,35.2,7.5,23.0,68.1,1015.3,1.1,99.0
神戸市 須磨区,2025-05-16 14:00:00,53.0,普通,pm25,53.0,17.0,27.2,18.6,23.4,62.0,1015.5,1.7,99.0
神戸市 須磨区,2025-05-16 15:00:00,50.0,良好,pm25,50.0,16.0,24.8,27.8,23.4,62.0,1015.5,1.0,99.0
神戸市 須磨区,2025-05-16 16:00:00,53.0,普通,pm25,53.0,14.0,34.4,9.3,23.3,62.0,1014.3,1.6,99.0
神戸市 須磨区,2025-05-16 17:00:00,42.0,良好,pm25,42.0,13.0,30.4,9.3,23.3,62.0,1014.3,1.4,99.0
神戸市 須磨区,2025-05-16 18:00:00,34.0,良好,pm25,34.0,12.0,29.6,7.5,19.0,93.0,1017.0,0.3,0.0
神戸市 須磨区,2025-05-16 19:00:00,30.0,良好,pm25,30.0,10.0,30.4,5.6,19.0,93.0,1017.5,0.6,0.0
神戸市 須磨区,2025-05-16 20:00:00,34.0,良好,pm25,34.0,11.0,20.0,16.7,19.5,90.5,1017.5,1.9,0.0
神戸市 須磨区,2025-05-16 21:00:00,30.0,良好,pm25,30.0,10.0,20.0,13.0,19.0,93.0,1017.5,0.6,0.0
神戸市 須磨区,2025-05-16 22:00:00,42.0,良好,pm25,42.0,11.0,16.0,14.9,19.0,93.0,1017.0,0.8,0.0
神戸市 須磨区,2025-05-16 23:00:00,38.0,良好,pm25,38.0,12.0,11.2,16.7,19.0,93.0,1016.0,0.6,0.0
神戸市 須磨区,2025-05-17 01:00:00,34.0,良好,pm25,34.0,10.0,9.6,20.4,20.0,93.0,1013.0,0.4,0.0
神戸市 須磨区,2025-05-17 02:00:00,38.0,良好,pm25,38.0,14.0,8.8,23.2,19.0,93.0,1012.0,0.5,0.0
神戸市 須磨区,2025-05-17 03:00:00,46.0,良好,pm25,46.0,12.0,20.0,9.3,18.0,100.0,1011.0,1.2,0.0
神戸市 須磨区,2025-05-17 04:00:00,38.0,良好,pm25,38.0,9.0,23.3,5.6,19.0,93.0,1010.0,2.2,0.0
神戸市 須磨区,2025-05-17 05:00:00,34.0,良好,pm25,34.0,9.0,24.8,5.6,19.0,100.0,1009.5,2.8,0.0
神戸市 須磨区,2025-05-17 06:00:00,30.0,良好,pm25,30.0,10.0,24.8,5.6,19.5,100.0,1009.0,3.0,0.0
神戸市 須磨区,2025-05-17 07:00:00,34.0,良好,pm25,34.0,10.0,21.6,8.4,20.0,98.0,1008.0,3.7,0.0
神戸市 須磨区,2025-05-17 08:00:00,30.0,良好,pm25,30.0,13.0,15.2,12.1,22.8,94.0,1006.8,2.2,0.0
神戸市 須磨区,2025-05-17 09:00:00,57.0,普通,pm25,57.0,37.0,12.8,3.8,23.0,94.0,1006.0,2.8,0.0
神戸市 須磨区,2025-05-17 10:00:00,65.0,普通,pm25,65.0,45.0,10.4,1.9,23.0,94.0,1005.5,6.1,0.0
神戸市 須磨区,2025-05-17 11:00:00,70.0,普通,pm25,70.0,38.0,9.6,3.8,23.0,94.0,1006.0,3.8,0.0
神戸市 須磨区,2025-05-17 12:00:00,53.0,普通,pm25,53.0,28.0,10.4,2.8,23.0,95.5,1006.5,3.0,0.0
神戸市 須磨区,2025-05-17 13:00:00,55.0,普通,pm25,55.0,26.0,11.2,3.8,23.5,91.0,1006.0,2.1,0.0
神戸市 須磨区,2025-05-17 14:00:00,57.0,普通,pm25,57.0,28.0,11.2,3.8,24.0,88.0,1006.0,2.0,0.0
神戸市 須磨区,2025-05-17 15:00:00,63.0,普通,pm25,63.0,23.0,12.1,3.8,24.0,88.0,1006.5,1.7,0.0
神戸市 須磨区,2025-05-17 16:00:00,68.0,普通,pm25,68.0,26.0,12.8,3.8,24.0,88.0,1007.0,2.2,0.0
神戸市 須磨区,2025-05-17 17:00:00,68.0,普通,pm25,68.0,26.0,9.6,7.5,23.5,91.0,1007.0,1.5,0.0
神戸市 須磨区,2025-05-17 18:00:00,63.0,普通,pm25,63.0,24.0,12.1,5.6,20.5,100.0,1007.0,1.7,0.0
神戸市 須磨区,2025-05-17 19:00:00,65.0,普通,pm25,65.0,26.0,10.4,6.5,22.5,91.0,1007.0,1.7,0.0
神戸市 須磨区,2025-05-17 20:00:00,63.0,普通,pm25,63.0,23.0,13.6,5.6,23.0,88.0,1007.5,2.2,0.0
神戸市 須磨区,2025-05-17 21:00:00,55.0,普通,pm25,55.0,23.0,13.6,7.5,21.5,90.5,1008.0,2.1,0.0
神戸市 須磨区,2025-05-17 22:00:00,57.0,普通,pm25,57.0,24.0,15.2,5.6,21.0,93.5,1008.0,1.6,0.0
神戸市 須磨区,2025-05-17 23:00:00,46.0,良好,pm25,46.0,22.0,16.8,5.6,22.0,91.0,1007.5,1.7,0.0
神戸市 須磨区,2025-05-18 01:00:00,55.0,普通,pm25,55.0,29.0,16.8,7.5,22.0,94.0,1007.0,2.1,0.0
神戸市 須磨区,2025-05-18 02:00:00,55.0,普通,pm25,55.0,29.0,16.8,5.6,21.0,94.0,1007.0,1.8,0.0
神戸市 須磨区,2025-05-18 03:00:00,55.0,普通,pm25,55.0,27.0,14.5,6.5,21.0,94.0,1007.0,1.3,0.0
神戸市 須磨区,2025-05-18 04:00:00,50.0,良好,pm25,50.0,20.0,14.5,5.6,21.0,94.0,1008.0,0.7,0.0
神戸市 須磨区,2025-05-18 05:00:00,38.0,良好,pm25,38.0,15.0,11.2,7.5,20.9,95.8,1005.3,1.1,2.4
神戸市 須磨区,2025-05-18 06:00:00,53.0,普通,pm25,53.0,17.0,7.3,7.5,20.7,97.0,1005.4,0.4,2.4
神戸市 須磨区,2025-05-18 07:00:00,38.0,良好,pm25,38.0,18.0,9.6,8.4,22.2,91.2,1005.6,0.2,2.4
神戸市 須磨区,2025-05-18 08:00:00,42.0,良好,pm25,42.0,18.0,9.6,11.2,23.6,81.3,1005.7,0.5,2.4
神戸市 須磨区,2025-05-18 09:00:00,25.0,良好,pm25,25.0,13.0,17.6,10.2,20.5,93.5,1008.5,0.9,0.0
神戸市 須磨区,2025-05-18 10:00:00,34.0,良好,pm25,34.0,12.0,31.2,5.6,25.8,60.2,1005.1,3.8,2.4
神戸市 須磨区,2025-05-18 11:00:00,42.0,良好,pm25,42.0,13.0,36.8,3.8,26.5,61.9,1005.0,2.0,2.4
神戸市 須磨区,2025-05-18 12:00:00,55.0,普通,pm25,55.0,14.0,40.0,4.7,26.4,63.0,1004.2,2.1,2.4
神戸市 須磨区,2025-05-18 13:00:00,55.0,普通,pm25,55.0,16.0,42.4,2.8,26.0,66.2,1004.0,1.6,2.4
神戸市 須磨区,2025-05-18 14:00:00,59.0,普通,pm25,59.0,18.0,32.0,13.0,25.3,66.9,1004.0,2.6,2.4
神戸市 須磨区,2025-05-18 15:00:00,55.0,普通,pm25,55.0,18.0,39.2,1.9,26.2,63.0,1003.6,1.8,2.4
神戸市 須磨区,2025-05-18 16:00:00,61.0,普通,pm25,61.0,19.0,39.2,3.8,25.8,62.9,1003.5,2.4,2.4
神戸市 須磨区,2025-05-18 17:00:00,70.0,普通,pm25,70.0,18.0,35.2,4.7,25.0,71.1,1003.3,1.1,2.4
神戸市 須磨区,2025-05-18 18:00:00,68.0,普通,pm25,68.0,20.0,29.6,10.2,25.0,60.0,1003.5,1.4,2.4
神戸市 須磨区,2025-05-18 19:00:00,53.0,普通,pm25,53.0,16.0,36.8,4.7,24.5,64.2,1004.1,1.2,2.4
神戸市 須磨区,2025-05-18 20:00:00,50.0,良好,pm25,50.0,16.0,38.4,4.7,23.7,68.2,1005.4,2.6,2.4
神戸市 須磨区,2025-05-18 21:00:00,55.0,普通,pm25,55.0,16.0,36.1,5.6,22.8,71.1,1005.4,2.0,2.4
神戸市 須磨区,2025-05-18 22:00:00,53.0,普通,pm25,53.0,14.0,31.2,6.5,22.3,74.3,1006.0,2.2,2.4
神戸市 須磨区,2025-05-18 23:00:00,55.0,普通,pm25,55.0,19.0,24.1,5.6,22.3,71.1,1006.2,2.1,2.4
神戸市 須磨区,2025-05-19 01:00:00,55.0,普通,pm25,55.0,19.0,17.6,8.4,20.9,76.9,1006.7,1.0,2.4
神戸市 須磨区,2025-05-19 02:00:00,57.0,普通,pm25,57.0,20.0,15.2,8.4,20.7,75.9,1006.5,0.9,2.4
神戸市 須磨区,2025-05-19 03:00:00,55.0,普通,pm25,55.0,19.0,15.2,8.4,20.7,75.9,1006.5,1.1,2.4
神戸市 須磨区,2025-05-19 04:00:00,53.0,普通,pm25,53.0,19.0,18.4,6.5,20.2,78.3,1007.4,0.8,2.4
神戸市 須磨区,2025-05-19 05:00:00,53.0,普通,pm25,53.0,19.0,20.0,4.7,20.4,76.8,1007.7,2.4,2.4
神戸市 須磨区,2025-05-19 06:00:00,53.0,普通,pm25,53.0,20.0,13.6,8.4,20.4,76.8,1007.7,1.6,2.4
神戸市 須磨区,2025-05-19 07:00:00,46.0,良好,pm25,46.0,18.0,10.4,11.2,20.2,80.3,1008.7,0.8,2.4
神戸市 須磨区,2025-05-19 08:00:00,42.0,良好,pm25,42.0,19.0,12.8,13.0,20.4,76.8,1009.1,0.8,2.4
神戸市 須磨区,2025-05-19 09:00:00,53.0,普通,pm25,53.0,20.0,20.0,12.1,20.6,77.9,1009.1,1.7,2.4
神戸市 須磨区,2025-05-19 10:00:00,61.0,普通,pm25,61.0,27.0,20.0,16.7,20.9,72.2,1008.8,1.4,2.4
神戸市 須磨区,2025-05-19 11:00:00,59.0,普通,pm25,59.0,24.0,20.8,18.6,21.2,66.0,1008.7,2.3,2.4
神戸市 須磨区,2025-05-19 12:00:00,61.0,普通,pm25,61.0,26.0,37.6,10.2,22.1,58.9,1008.4,1.8,2.4
神戸市 須磨区,2025-05-19 13:00:00,61.0,普通,pm25,61.0,25.0,40.0,13.0,22.5,61.0,1007.6,1.1,2.4
神戸市 須磨区,2025-05-19 14:00:00,61.0,普通,pm25,61.0,29.0,48.1,8.4,22.8,51.2,1006.7,1.6,2.4
神戸市 須磨区,2025-05-19 15:00:00,63.0,普通,pm25,63.0,28.0,53.3,4.7,24.7,41.9,1006.3,0.7,2.4
神戸市 須磨区,2025-05-19 16:00:00,65.0,普通,pm25,65.0,30.0,42.4,13.9,23.6,56.0,1006.6,1.5,2.4
神戸市 須磨区,2025-05-19 17:00:00,65.0,普通,pm25,65.0,27.0,48.1,5.6,22.9,61.1,1007.1,1.7,2.4
神戸市 須磨区,2025-05-19 18:00:00,68.0,普通,pm25,68.0,27.0,43.2,14.9,22.3,64.2,1007.4,1.7,2.4
神戸市 須磨区,2025-05-19 19:00:00,70.0,普通,pm25,70.0,26.0,45.6,11.2,22.1,60.1,1007.8,1.2,2.4
神戸市 須磨区,2025-05-19 20:00:00,68.0,普通,pm25,68.0,27.0,45.6,8.4,21.9,64.9,1008.1,2.9,2.4
神戸市 須磨区,2025-05-19 21:00:00,70.0,普通,pm25,70.0,30.0,39.2,13.0,22.0,64.1,1008.5,1.4,2.4
神戸市 須磨区,2025-05-19 22:00:00,70.0,普通,pm25,70.0,35.0,39.2,10.2,21.7,66.1,1008.8,1.3,2.4
神戸市 須磨区,2025-05-19 23:00:00,74.0,普通,pm25,74.0,38.0,37.6,10.2,21.1,75.0,1008.6,0.9,2.4
神戸市 須磨区,2025-05-20 01:00:00,85.0,普通,pm25,85.0,36.0,34.4,10.2,21.1,76.9,1008.3,0.9,2.4
神戸市 須磨区,2025-05-20 02:00:00,82.0,普通,pm25,82.0,37.0,34.4,8.4,21.1,76.9,1008.3,0.6,2.4
神戸市 須磨区,2025-05-20 03:00:00,80.0,普通,pm25,80.0,35.0,39.2,5.6,21.1,76.9,1008.3,1.2,2.4
神戸市 須磨区,2025-05-20 04:00:00,72.0,普通,pm25,72.0,30.0,40.0,3.8,21.3,86.2,1008.6,1.6,2.4
神戸市 須磨区,2025-05-20 05:00:00,68.0,普通,pm25,68.0,28.0,36.8,5.6,21.5,84.1,1009.4,1.6,2.4
神戸市 須磨区,2025-05-20 06:00:00,72.0,普通,pm25,72.0,30.0,32.0,9.3,21.9,83.1,1010.3,1.8,2.4
神戸市 須磨区,2025-05-20 07:00:00,78.0,普通,pm25,78.0,34.0,26.4,12.1,22.4,79.1,1010.4,0.6,2.4
神戸市 須磨区,2025-05-20 08:00:00,76.0,普通,pm25,76.0,31.0,36.8,5.6,22.4,79.1,1010.4,1.4,2.4
神戸市 須磨区,2025-05-20 09:00:00,68.0,普通,pm25,68.0,28.0,37.6,7.5,23.8,75.9,1011.1,1.6,2.4
神戸市 須磨区,2025-05-20 10:00:00,72.0,普通,pm25,72.0,26.0,40.0,6.5,24.5,71.0,1010.8,1.9,2.4
神戸市 須磨区,2025-05-20 11:00:00,68.0,普通,pm25,68.0,28.0,40.0,8.4,25.4,65.2,1010.5,1.9,2.4
神戸市 須磨区,2025-05-20 12:00:00,74.0,普通,pm25,74.0,28.0,40.0,10.2,25.4,65.2,1010.5,1.9,2.4
神戸市 須磨区,2025-05-20 13:00:00,74.0,普通,pm25,74.0,29.0,43.2,8.4,23.0,80.5,1012.0,2.3,0.0
神戸市 須磨区,2025-05-20 14:00:00,74.0,普通,pm25,74.0,27.0,38.4,11.2,23.0,80.5,1011.0,1.8,0.0
神戸市 須磨区,2025-05-20 15:00:00,76.0,普通,pm25,76.0,28.0,44.0,7.5,25.0,76.0,1011.0,1.7,0.0
神戸市 須磨区,2025-05-20 16:00:00,68.0,普通,pm25,68.0,23.0,38.4,4.7,27.0,69.0,1011.0,2.1,0.0
神戸市 須磨区,2025-05-20 17:00:00,57.0,普通,pm25,57.0,17.0,34.4,4.7,26.0,73.0,1011.0,2.1,0.0
神戸市 須磨区,2025-05-20 18:00:00,50.0,良好,pm25,50.0,17.0,30.4,4.7,26.0,73.0,1011.0,2.4,0.0
神戸市 須磨区,2025-05-20 19:00:00,34.0,良好,pm25,34.0,11.0,28.1,3.8,24.5,80.5,1011.0,2.5,0.0
神戸市 須磨区,2025-05-20 20:00:00,38.0,良好,pm25,38.0,10.0,23.3,5.6,24.0,83.0,1012.0,2.2,0.0
神戸市 須磨区,2025-05-20 21:00:00,25.0,良好,pm25,25.0,10.0,18.4,6.5,24.0,83.0,1012.0,1.7,0.0
神戸市 須磨区,2025-05-20 22:00:00,30.0,良好,pm25,30.0,10.0,14.5,7.5,23.0,88.0,1013.0,2.1,0.0
神戸市 須磨区,2025-05-20 23:00:00,30.0,良好,pm25,30.0,10.0,12.8,8.4,22.5,91.0,1013.0,1.5,0.0
神戸市 須磨区,2025-05-21 01:00:00,38.0,良好,pm25,38.0,13.0,11.2,7.5,23.0,88.0,1012.0,1.2,0.0
神戸市 須磨区,2025-05-21 02:00:00,42.0,良好,pm25,42.0,13.0,14.5,3.8,22.0,94.0,1012.0,0.9,0.0
神戸市 須磨区,2025-05-21 03:00:00,42.0,良好,pm25,42.0,16.0,15.2,4.7,21.0,94.0,1012.0,1.8,0.0
神戸市 須磨区,2025-05-21 04:00:00,42.0,良好,pm25,42.0,14.0,14.5,3.8,21.0,94.0,1012.0,2.3,0.0
神戸市 須磨区,2025-05-21 05:00:00,34.0,良好,pm25,34.0,13.0,15.2,3.8,21.0,97.0,1012.0,1.7,0.0
神戸市 須磨区,2025-05-21 06:00:00,25.0,良好,pm25,25.0,10.0,11.2,7.5,23.6,89.1,1008.9,1.6,2.4
神戸市 須磨区,2025-05-21 07:00:00,21.0,良好,pm25,21.0,9.0,12.8,5.6,23.0,91.0,1012.0,1.5,0.0
神戸市 須磨区,2025-05-21 08:00:00,21.0,良好,pm25,21.0,9.0,7.3,11.2,24.1,85.9,1009.5,1.3,2.4
神戸市 須磨区,2025-05-21 09:00:00,38.0,良好,pm25,38.0,12.0,4.8,15.8,24.6,83.9,1009.4,1.3,99.0
神戸市 須磨区,2025-05-21 10:00:00,38.0,良好,pm25,38.0,12.0,10.4,10.2,25.3,81.0,1008.6,1.0,99.0
神戸市 須磨区,2025-05-21 11:00:00,38.0,良好,pm25,38.0,12.0,16.0,6.5,25.9,79.1,1008.1,0.2,99.0
神戸市 須磨区,2025-05-21 12:00:00,17.0,良好,pm25,17.0,12.0,22.4,6.5,24.8,82.9,1007.6,1.2,99.0
神戸市 須磨区,2025-05-21 13:00:00,17.0,良好,pm25,17.0,11.0,28.9,5.6,24.9,80.9,1007.1,2.1,99.0
神戸市 須磨区,2025-05-21 14:00:00,34.0,良好,pm25,34.0,11.0,29.6,5.6,25.2,80.0,1006.7,2.2,99.0
神戸市 須磨区,2025-05-21 15:00:00,30.0,良好,pm25,30.0,8.0,24.1,3.8,24.0,84.9,1006.2,1.3,99.0
神戸市 須磨区,2025-05-21 16:00:00,25.0,良好,pm25,25.0,8.0,17.6,5.6,23.6,85.9,1006.0,2.1,99.0
神戸市 須磨区,2025-05-21 17:00:00,25.0,良好,pm25,25.0,11.0,16.8,5.6,23.2,85.9,1005.1,3.0,99.0
神戸市 須磨区,2025-05-21 18:00:00,17.0,良好,pm25,17.0,5.0,17.6,4.7,23.5,83.8,1004.3,2.6,99.0
神戸市 須磨区,2025-05-21 19:00:00,13.0,良好,pm25,13.0,4.0,15.2,7.5,23.1,86.9,1004.7,2.1,99.0
神戸市 須磨区,2025-05-21 20:00:00,13.0,良好,pm25,13.0,2.0,12.8,9.3,22.4,91.2,1004.3,1.4,99.0
神戸市 須磨区,2025-05-21 21:00:00,13.0,良好,pm25,13.0,6.0,12.8,9.3,22.1,97.0,1003.1,1.0,0.1
神戸市 須磨区,2025-05-21 23:00:00,9.0,良好,pm25,9.0,1.0,8.0,11.2,21.5,98.2,1001.9,1.0,0.1
神戸市 須磨区,2025-05-22 02:00:00,5.0,良好,pm25,5.0,1.0,15.2,4.7,20.7,98.8,999.7,0.2,0.1
神戸市 須磨区,2025-05-22 03:00:00,9.0,良好,pm25,9.0,5.0,9.6,8.4,20.7,98.8,999.7,1.0,0.1
神戸市 須磨区,2025-05-22 04:00:00,9.0,良好,pm25,9.0,5.0,6.4,10.2,21.5,98.2,999.4,0.6,0.1
神戸市 須磨区,2025-05-22 05:00:00,13.0,良好,pm25,13.0,5.0,3.2,15.8,21.5,92.9,998.9,0.6,0.1
神戸市 須磨区,2025-05-22 06:00:00,13.0,良好,pm25,13.0,9.0,1.6,17.6,21.8,92.3,999.7,0.6,0.1
神戸市 須磨区,2025-05-22 07:00:00,17.0,良好,pm25,17.0,11.0,5.6,11.2,21.8,92.9,1000.0,2.9,0.1
神戸市 須磨区,2025-05-22 08:00:00,13.0,良好,pm25,13.0,8.0,12.1,10.2,21.8,92.9,1000.0,1.0,0.1
神戸市 須磨区,2025-05-22 09:00:00,13.0,良好,pm25,13.0,11.0,16.8,13.9,21.8,92.9,1000.0,1.8,0.1
神戸市 須磨区,2025-05-22 10:00:00,9.0,良好,pm10,9.0,9.0,24.8,6.5,26.3,70.9,999.0,3.1,0.1
神戸市 須磨区,2025-05-22 11:00:00,25.0,良好,pm25,25.0,10.0,19.2,13.0,26.6,67.1,999.7,1.7,0.1
神戸市 須磨区,2025-05-22 12:00:00,30.0,良好,pm25,30.0,10.0,21.6,16.7,27.1,64.0,999.4,1.7,0.1
神戸市 須磨区,2025-05-22 13:00:00,34.0,良好,pm25,34.0,13.0,29.6,13.0,24.0,85.5,1001.5,1.7,0.0
神戸市 須磨区,2025-05-22 14:00:00,30.0,良好,pm25,30.0,12.0,37.6,7.5,23.5,85.5,1000.5,1.1,0.0
神戸市 須磨区,2025-05-22 15:00:00,30.0,良好,pm25,30.0,10.0,34.4,7.5,22.5,85.5,1000.0,1.8,0.0
神戸市 須磨区,2025-05-22 16:00:00,38.0,良好,pm25,38.0,12.0,27.2,1.9,23.0,83.0,1001.0,2.9,0.0
神戸市 須磨区,2025-05-22 17:00:00,30.0,良好,pm25,30.0,11.0,24.8,1.9,22.5,85.5,1001.5,5.2,0.0
神戸市 須磨区,2025-05-22 18:00:00,25.0,良好,pm25,25.0,6.0,24.8,1.9,22.5,85.5,1002.5,6.7,0.0
神戸市 須磨区,2025-05-22 19:00:00,25.0,良好,pm25,25.0,10.0,28.9,1.9,21.5,82.5,1004.5,6.6,0.0
神戸市 須磨区,2025-05-22 20:00:00,30.0,良好,pm25,30.0,10.0,33.6,1.9,20.5,79.5,1006.0,3.9,0.0
神戸市 須磨区,2025-05-22 21:00:00,30.0,良好,pm25,30.0,9.0,39.2,1.0,20.0,79.5,1006.0,5.7,0.0
神戸市 須磨区,2025-05-22 22:00:00,25.0,良好,pm25,25.0,9.0,40.0,1.0,19.0,82.0,1007.0,4.7,0.0
神戸市 須磨区,2025-05-22 23:00:00,30.0,良好,pm25,30.0,9.0,37.6,1.0,19.0,82.0,1006.5,5.0,0.0
神戸市 須磨区,2025-05-23 01:00:00,42.0,良好,pm25,42.0,12.0,42.4,1.0,18.0,77.0,1007.0,4.4,0.0
神戸市 須磨区,2025-05-23 02:00:00,34.0,良好,pm25,34.0,13.0,41.6,1.0,18.0,77.0,1008.0,4.2,0.0
神戸市 須磨区,2025-05-23 03:00:00,34.0,良好,pm25,34.0,11.0,40.0,1.0,18.0,77.0,1008.0,3.8,0.0
神戸市 須磨区,2025-05-23 04:00:00,30.0,良好,pm25,30.0,13.0,37.6,1.9,17.5,77.0,1009.0,4.3,0.0
神戸市 須磨区,2025-05-23 05:00:00,42.0,良好,pm25,42.0,10.0,34.4,2.8,17.5,77.0,1009.0,2.6,0.0
神戸市 須磨区,2025-05-23 06:00:00,42.0,良好,pm25,42.0,12.0,32.8,5.6,18.0,72.0,1010.0,2.4,0.0
神戸市 須磨区,2025-05-23 07:00:00,38.0,良好,pm25,38.0,12.0,35.2,3.8,18.5,67.5,1010.0,1.6,0.0
神戸市 須磨区,2025-05-23 08:00:00,38.0,良好,pm25,38.0,15.0,35.2,3.8,19.0,65.5,1010.0,1.7,0.0
神戸市 須磨区,2025-05-23 09:00:00,46.0,良好,pm25,46.0,15.0,36.1,3.8,20.0,62.0,1011.0,1.9,0.0
神戸市 須磨区,2025-05-23 10:00:00,46.0,良好,pm25,46.0,17.0,36.8,4.7,23.1,41.2,1007.8,2.9,0.1
神戸市 須磨区,2025-05-23 11:00:00,55.0,普通,pm25,55.0,15.0,37.6,6.5,24.2,40.1,1007.5,1.9,0.1
神戸市 須磨区,2025-05-23 12:00:00,57.0,普通,pm25,57.0,16.0,38.4,9.3,24.2,38.0,1007.5,2.6,0.1
神戸市 須磨区,2025-05-23 13:00:00,59.0,普通,pm25,59.0,20.0,41.6,12.1,24.8,36.9,1007.2,2.6,0.1
神戸市 須磨区,2025-05-23 14:00:00,65.0,普通,pm25,65.0,20.0,45.6,11.2,25.3,36.1,1006.6,2.4,0.1
神戸市 須磨区,2025-05-23 15:00:00,63.0,普通,pm25,63.0,20.0,53.3,9.3,25.3,36.1,1006.6,1.6,0.1
神戸市 須磨区,2025-05-23 16:00:00,65.0,普通,pm25,65.0,20.0,47.2,8.4,22.0,68.5,1010.0,1.3,0.0
神戸市 須磨区,2025-05-23 17:00:00,63.0,普通,pm25,63.0,20.0,40.8,3.8,24.9,36.0,1006.9,1.2,0.1
神戸市 須磨区,2025-05-23 18:00:00,68.0,普通,pm25,68.0,22.0,40.0,4.7,24.4,39.1,1007.7,3.7,0.1
神戸市 須磨区,2025-05-23 19:00:00,63.0,普通,pm25,63.0,22.0,39.2,5.6,23.9,39.0,1008.6,3.4,0.1
神戸市 須磨区,2025-05-23 20:00:00,74.0,普通,pm25,74.0,23.0,29.6,15.8,23.2,42.1,1009.4,1.1,0.1
神戸市 須磨区,2025-05-23 21:00:00,61.0,普通,pm25,61.0,19.0,28.9,13.9,20.5,70.5,1013.0,1.4,0.0
神戸市 須磨区,2025-05-23 22:00:00,50.0,良好,pm25,50.0,15.0,33.6,8.4,21.6,50.9,1010.7,1.5,0.1
神戸市 須磨区,2025-05-23 23:00:00,55.0,普通,pm25,55.0,15.0,32.0,9.3,20.7,60.2,1010.4,2.0,0.1
神戸市 須磨区,2025-05-24 01:00:00,53.0,普通,pm25,53.0,15.0,31.2,8.4,19.0,82.0,1012.0,1.5,0.0
神戸市 須磨区,2025-05-24 02:00:00,57.0,普通,pm25,57.0,16.0,32.0,6.5,19.0,82.0,1011.0,1.8,0.0
神戸市 須磨区,2025-05-24 03:00:00,53.0,普通,pm25,53.0,16.0,29.6,6.5,19.0,82.0,1011.0,1.6,0.0
神戸市 須磨区,2025-05-24 04:00:00,50.0,良好,pm25,50.0,14.0,29.6,5.6,20.0,69.3,1007.8,2.2,0.1
神戸市 須磨区,2025-05-24 05:00:00,57.0,普通,pm25,57.0,17.0,23.3,9.3,20.2,70.2,1007.9,1.5,0.1
神戸市 須磨区,2025-05-24 06:00:00,55.0,普通,pm25,55.0,18.0,23.3,9.3,20.5,71.2,1008.5,1.5,0.1
神戸市 須磨区,2025-05-24 07:00:00,50.0,良好,pm25,50.0,16.0,24.1,12.1,20.7,70.3,1008.1,0.8,0.1
神戸市 須磨区,2025-05-24 08:00:00,50.0,良好,pm25,50.0,18.0,27.2,10.2,20.7,70.3,1008.1,2.8,0.1
神戸市 須磨区,2025-05-24 09:00:00,50.0,良好,pm25,50.0,17.0,24.1,13.0,19.5,82.5,1010.5,2.9,0.0
神戸市 須磨区,2025-05-24 10:00:00,57.0,普通,pm25,57.0,15.0,20.8,17.6,20.0,79.3,1007.6,3.2,99.0
神戸市 須磨区,2025-05-24 11:00:00,53.0,普通,pm25,53.0,15.0,24.1,13.9,19.6,82.3,1006.8,3.2,99.0
神戸市 須磨区,2025-05-24 12:00:00,55.0,普通,pm25,55.0,17.0,27.2,10.2,19.8,77.2,1006.4,4.6,99.0
神戸市 須磨区,2025-05-24 13:00:00,55.0,普通,pm25,55.0,18.0,28.1,10.2,18.7,88.2,1005.9,3.8,99.0
神戸市 須磨区,2025-05-24 14:00:00,50.0,良好,pm25,50.0,16.0,29.6,8.4,19.0,93.0,1006.5,5.4,0.0
神戸市 須磨区,2025-05-24 15:00:00,34.0,良好,pm25,34.0,10.0,27.2,11.2,19.0,93.0,1005.0,6.4,0.0
神戸市 須磨区,2025-05-24 16:00:00,25.0,良好,pm25,25.0,9.0,24.8,13.0,18.7,88.2,1002.5,6.1,99.0
神戸市 須磨区,2025-05-24 17:00:00,21.0,良好,pm25,21.0,7.0,28.9,8.4,18.7,87.0,1001.8,5.7,99.0
神戸市 須磨区,2025-05-24 18:00:00,17.0,良好,pm25,17.0,5.0,31.2,7.5,18.8,87.1,1001.1,6.3,99.0
神戸市 須磨区,2025-05-24 19:00:00,17.0,良好,pm25,17.0,5.0,32.8,6.5,18.6,88.2,1000.8,5.9,99.0
神戸市 須磨区,2025-05-24 20:00:00,21.0,良好,pm25,21.0,5.0,32.8,6.5,19.0,89.3,1000.3,6.5,99.0
神戸市 須磨区,2025-05-24 21:00:00,13.0,良好,pm25,13.0,5.0,34.4,5.6,19.0,95.3,1002.0,5.6,0.0
神戸市 須磨区,2025-05-24 22:00:00,17.0,良好,pm25,17.0,4.0,32.8,5.6,19.5,91.1,998.6,5.0,1.2
神戸市 須磨区,2025-05-24 23:00:00,17.0,良好,pm25,17.0,4.0,32.8,5.6,19.1,96.3,997.6,5.9,1.2
神戸市 須磨区,2025-05-25 01:00:00,25.0,良好,pm25,25.0,12.0,28.9,4.7,20.2,95.2,996.8,4.2,1.2
神戸市 須磨区,2025-05-25 02:00:00,21.0,良好,pm25,21.0,11.0,22.4,2.8,20.2,94.0,996.9,2.7,1.2
神戸市 須磨区,2025-05-25 03:00:00,21.0,良好,pm25,21.0,6.0,21.6,4.7,19.0,93.0,1001.0,2.0,0.0
神戸市 須磨区,2025-05-25 04:00:00,17.0,良好,pm25,17.0,4.0,21.6,2.8,19.0,93.0,1002.0,4.7,0.0
神戸市 須磨区,2025-05-25 05:00:00,34.0,良好,pm25,34.0,10.0,17.6,6.5,19.0,93.0,1003.0,4.7,0.0
神戸市 須磨区,2025-05-25 06:00:00,30.0,良好,pm25,30.0,11.0,17.6,6.5,19.0,93.0,1004.0,3.8,0.0
神戸市 須磨区,2025-05-25 07:00:00,17.0,良好,pm25,17.0,10.0,19.2,3.8,19.0,93.0,1004.0,3.8,0.0
神戸市 須磨区,2025-05-25 08:00:00,13.0,良好,pm25,13.0,7.0,20.0,3.8,20.8,83.0,1001.5,4.1,1.2
神戸市 須磨区,2025-05-25 09:00:00,5.0,良好,pm10,5.0,5.0,24.1,1.9,19.0,93.0,1006.0,4.4,0.0
神戸市 須磨区,2025-05-25 10:00:00,6.0,良好,pm10,5.0,6.0,24.1,3.8,20.3,66.3,1003.1,6.9,1.8
神戸市 須磨区,2025-05-25 11:00:00,9.0,良好,pm25,9.0,4.0,26.4,1.0,20.6,65.0,1004.0,2.4,1.8
神戸市 須磨区,2025-05-25 12:00:00,9.0,良好,pm25,9.0,5.0,28.9,1.0,20.0,66.2,1004.6,2.9,1.8
神戸市 須磨区,2025-05-25 13:00:00,9.0,良好,pm25,9.0,3.0,31.2,1.0,19.2,77.1,1005.5,2.5,1.8
神戸市 須磨区,2025-05-25 14:00:00,5.0,良好,pm25,5.0,2.0,32.8,1.0,20.0,64.9,1006.1,3.5,1.8
神戸市 須磨区,2025-05-25 15:00:00,5.0,良好,pm25,5.0,4.0,34.4,1.0,19.4,61.1,1007.2,3.9,99.0
神戸市 須磨区,2025-05-25 17:00:00,13.0,良好,pm25,13.0,2.0,35.2,1.0,19.1,63.0,1008.0,2.7,99.0
神戸市 須磨区,2025-05-25 18:00:00,13.0,良好,pm25,13.0,5.0,34.4,1.0,18.3,65.0,1008.6,4.7,99.0
神戸市 須磨区,2025-05-25 19:00:00,9.0,良好,pm25,9.0,4.0,32.8,1.0,17.8,64.9,1009.8,2.7,99.0
神戸市 須磨区,2025-05-25 20:00:00,13.0,良好,pm25,13.0,3.0,32.8,1.9,17.4,67.9,1010.5,2.8,99.0
神戸市 須磨区,2025-05-25 21:00:00,13.0,良好,pm25,13.0,7.0,33.6,1.9,17.0,65.1,1011.4,2.7,99.0
神戸市 須磨区,2025-05-25 22:00:00,13.0,良好,pm25,13.0,5.0,34.4,1.9,16.5,61.2,1012.2,2.2,99.0
神戸市 須磨区,2025-05-25 23:00:00,17.0,良好,pm25,17.0,7.0,36.1,1.0,16.0,61.1,1012.5,3.5,99.0
神戸市 須磨区,2025-05-26 01:00:00,25.0,良好,pm25,25.0,10.0,34.4,1.0,15.6,63.9,1012.7,1.1,99.0
神戸市 須磨区,2025-05-26 02:00:00,30.0,良好,pm25,30.0,7.0,25.6,4.7,15.8,65.3,1012.9,0.4,99.0
神戸市 須磨区,2025-05-26 03:00:00,30.0,良好,pm25,30.0,7.0,22.4,7.5,15.8,65.3,1012.9,0.8,99.0
神戸市 須磨区,2025-05-26 04:00:00,30.0,良好,pm25,30.0,8.0,25.6,3.8,15.7,65.3,1013.2,1.0,99.0
神戸市 須磨区,2025-05-26 05:00:00,25.0,良好,pm25,25.0,10.0,24.8,7.5,15.4,67.9,1014.3,1.5,99.0
神戸市 須磨区,2025-05-26 06:00:00,17.0,良好,pm25,17.0,10.0,24.8,8.4,15.4,70.2,1014.5,2.7,99.0
神戸市 須磨区,2025-05-26 07:00:00,17.0,良好,pm25,17.0,10.0,24.8,8.4,15.4,67.9,1015.1,2.1,99.0
神戸市 須磨区,2025-05-26 08:00:00,21.0,良好,pm25,21.0,10.0,24.1,7.5,16.2,69.0,1015.3,2.6,99.0
神戸市 須磨区,2025-05-26 09:00:00,25.0,良好,pm25,25.0,8.0,28.1,3.8,16.2,69.0,1015.3,2.1,99.0
神戸市 須磨区,2025-05-26 10:00:00,21.0,良好,pm25,21.0,9.0,29.6,2.8,17.1,60.9,1015.8,1.3,99.0
神戸市 須磨区,2025-05-26 11:00:00,25.0,良好,pm25,25.0,10.0,31.2,3.8,17.1,60.9,1015.8,2.0,99.0
神戸市 須磨区,2025-05-26 12:00:00,30.0,良好,pm25,30.0,7.0,32.0,4.7,18.6,56.9,1015.8,1.7,99.0
神戸市 須磨区,2025-05-26 13:00:00,30.0,良好,pm25,30.0,7.0,28.9,9.3,18.4,60.0,1015.7,2.0,99.0
神戸市 須磨区,2025-05-26 14:00:00,25.0,良好,pm25,25.0,16.0,32.0,9.3,19.0,55.2,1015.1,1.5,99.0
神戸市 須磨区,2025-05-26 15:00:00,30.0,良好,pm25,30.0,12.0,34.4,7.5,18.9,56.3,1015.2,1.8,99.0
神戸市 須磨区,2025-05-26 16:00:00,25.0,良好,pm25,25.0,12.0,29.6,5.6,19.2,57.1,1015.1,1.4,99.0
神戸市 須磨区,2025-05-26 17:00:00,38.0,良好,pm25,38.0,9.0,29.6,3.8,19.3,54.1,1014.8,2.7,99.0
神戸市 須磨区,2025-05-26 18:00:00,34.0,良好,pm25,34.0,10.0,28.1,5.6,19.1,54.1,1015.0,2.0,99.0
神戸市 須磨区,2025-05-26 19:00:00,38.0,良好,pm25,38.0,10.0,24.8,8.4,18.0,74.5,1018.0,1.6,0.0
神戸市 須磨区,2025-05-26 20:00:00,38.0,良好,pm25,38.0,10.0,24.1,6.5,18.0,72.0,1019.0,2.1,0.0
神戸市 須磨区,2025-05-26 21:00:00,42.0,良好,pm25,42.0,10.0,22.4,7.5,17.5,77.0,1019.5,2.5,0.0
神戸市 須磨区,2025-05-26 22:00:00,38.0,良好,pm25,38.0,11.0,17.6,13.0,17.0,77.0,1020.0,1.8,0.0
神戸市 須磨区,2025-05-26 23:00:00,38.0,良好,pm25,38.0,11.0,12.1,16.7,16.5,79.5,1020.0,0.8,0.0
神戸市 須磨区,2025-05-27 01:00:00,34.0,良好,pm25,34.0,10.0,8.8,16.7,16.0,82.0,1019.0,1.1,0.0
神戸市 須磨区,2025-05-27 02:00:00,25.0,良好,pm25,25.0,11.0,5.6,21.3,15.0,82.0,1019.0,1.1,0.0
神戸市 須磨区,2025-05-27 03:00:00,25.0,良好,pm25,25.0,11.0,8.8,15.8,15.0,87.0,1019.0,1.1,0.0
神戸市 須磨区,2025-05-27 04:00:00,34.0,良好,pm25,34.0,10.0,8.8,15.8,15.0,82.0,1019.0,0.9,0.0
神戸市 須磨区,2025-05-27 05:00:00,25.0,良好,pm25,25.0,8.0,8.0,17.6,15.0,87.0,1020.0,1.4,0.0
神戸市 須磨区,2025-05-27 06:00:00,34.0,良好,pm25,34.0,10.0,3.2,24.1,16.0,82.0,1020.0,0.7,0.0
神戸市 須磨区,2025-05-27 07:00:00,30.0,良好,pm25,30.0,10.0,8.0,21.3,17.0,77.0,1020.0,0.6,0.0
神戸市 須磨区,2025-05-27 08:00:00,34.0,良好,pm25,34.0,10.0,15.2,12.1,17.0,77.0,1020.0,0.6,0.0
神戸市 須磨区,2025-05-27 09:00:00,34.0,良好,pm25,34.0,11.0,16.0,11.2,17.0,77.0,1020.0,1.1,0.0
神戸市 須磨区,2025-05-27 10:00:00,42.0,良好,pm25,42.0,12.0,10.4,19.5,21.3,58.0,1017.2,1.7,99.0
神戸市 須磨区,2025-05-27 11:00:00,42.0,良好,pm25,42.0,14.0,16.8,15.8,21.7,56.2,1016.8,1.4,99.0
神戸市 須磨区,2025-05-27 12:00:00,46.0,良好,pm25,46.0,14.0,28.9,12.1,22.5,55.0,1016.2,2.2,99.0
神戸市 須磨区,2025-05-27 13:00:00,46.0,良好,pm25,46.0,11.0,35.2,12.1,23.4,53.1,1015.6,1.4,99.0
神戸市 須磨区,2025-05-27 14:00:00,42.0,良好,pm25,42.0,15.0,49.6,7.5,23.6,51.1,1015.1,1.7,99.0
神戸市 須磨区,2025-05-27 15:00:00,42.0,良好,pm25,42.0,14.0,57.1,5.6,24.0,52.2,1014.3,1.9,99.0
神戸市 須磨区,2025-05-27 16:00:00,42.0,良好,pm25,42.0,13.0,55.8,6.5,24.0,53.2,1013.8,1.9,99.0
神戸市 須磨区,2025-05-27 17:00:00,46.0,良好,pm25,46.0,13.0,68.6,8.4,23.7,56.0,1013.7,1.5,99.0
神戸市 須磨区,2025-05-27 18:00:00,55.0,普通,pm25,55.0,20.0,72.5,9.3,23.7,56.0,1013.7,0.7,99.0
神戸市 須磨区,2025-05-27 19:00:00,25.0,良好,pm25,25.0,4.0,33.6,10.2,21.4,64.0,1015.0,2.3,99.0
神戸市 須磨区,2025-05-27 20:00:00,9.0,良好,pm25,9.0,5.0,29.6,10.2,20.7,65.9,1015.7,4.1,99.0
神戸市 須磨区,2025-05-27 21:00:00,9.0,良好,pm25,9.0,3.0,28.9,11.2,19.5,85.0,1019.0,4.4,0.0
神戸市 須磨区,2025-05-27 22:00:00,9.0,良好,pm25,9.0,3.0,26.4,11.2,19.0,88.0,1019.0,2.4,0.0
神戸市 須磨区,2025-05-27 23:00:00,13.0,良好,pm25,13.0,3.0,25.6,10.2,18.5,85.0,1019.0,3.3,0.0
神戸市 須磨区,2025-05-28 01:00:00,21.0,良好,pm25,21.0,4.0,25.6,11.2,18.0,88.0,1019.0,3.5,0.0
神戸市 須磨区,2025-05-28 02:00:00,25.0,良好,pm25,25.0,8.0,23.3,13.0,17.0,88.0,1019.0,3.5,0.0
神戸市 須磨区,2025-05-28 03:00:00,9.0,良好,pm25,9.0,5.0,30.4,5.6,16.0,87.0,1019.0,2.5,0.0
神戸市 須磨区,2025-05-28 04:00:00,13.0,良好,pm25,13.0,7.0,32.8,4.7,16.0,87.0,1018.5,2.8,0.0
神戸市 須磨区,2025-05-28 05:00:00,25.0,良好,pm25,25.0,7.0,27.2,12.1,17.0,85.0,1019.0,2.3,0.0
神戸市 須磨区,2025-05-28 06:00:00,9.0,良好,pm25,9.0,5.0,32.8,6.5,18.0,82.0,1019.0,1.9,0.0
神戸市 須磨区,2025-05-28 07:00:00,13.0,良好,pm25,13.0,5.0,34.4,5.6,18.0,77.0,1019.0,2.6,0.0
神戸市 須磨区,2025-05-28 08:00:00,30.0,良好,pm25,30.0,10.0,32.0,9.3,18.5,79.5,1019.0,3.0,0.0
神戸市 須磨区,2025-05-28 09:00:00,34.0,良好,pm25,34.0,10.0,30.4,10.2,19.0,77.0,1019.0,1.5,0.0
神戸市 須磨区,2025-05-28 10:00:00,30.0,良好,pm25,30.0,10.0,31.2,12.1,20.0,74.5,1018.0,3.4,0.0
神戸市 須磨区,2025-05-28 11:00:00,25.0,良好,pm25,25.0,10.0,32.8,13.0,20.0,77.0,1018.0,1.6,0.0
神戸市 須磨区,2025-05-28 12:00:00,34.0,良好,pm25,34.0,10.0,53.3,10.2,20.5,77.0,1017.0,1.6,0.0
神戸市 須磨区,2025-05-28 13:00:00,30.0,良好,pm25,30.0,9.0,45.6,12.1,21.0,82.0,1017.0,2.4,0.0
神戸市 須磨区,2025-05-28 14:00:00,34.0,良好,pm25,34.0,10.0,38.4,15.8,22.0,75.5,1016.5,2.9,0.0
神戸市 須磨区,2025-05-28 15:00:00,34.0,良好,pm25,34.0,10.0,45.6,8.4,23.5,62.0,1016.0,2.4,0.0
神戸市 須磨区,2025-05-28 16:00:00,38.0,良好,pm25,38.0,10.0,44.0,9.3,22.5,70.5,1015.5,3.0,0.0
神戸市 須磨区,2025-05-28 17:00:00,38.0,良好,pm25,38.0,13.0,41.6,12.1,22.0,70.5,1015.5,2.9,0.0
神戸市 須磨区,2025-05-28 18:00:00,55.0,普通,pm25,55.0,12.0,36.8,17.6,21.0,73.0,1016.0,2.9,0.0
神戸市 須磨区,2025-05-28 19:00:00,50.0,良好,pm25,50.0,11.0,30.4,26.0,20.5,75.0,1016.5,1.7,0.0
神戸市 須磨区,2025-05-28 20:00:00,34.0,良好,pm25,34.0,10.0,35.2,18.6,19.5,90.5,1017.0,1.6,0.0
神戸市 須磨区,2025-05-28 21:00:00,30.0,良好,pm25,30.0,8.0,41.6,8.4,20.0,82.0,1017.0,1.4,0.0
神戸市 須磨区,2025-05-28 22:00:00,30.0,良好,pm25,30.0,8.0,36.1,11.2,19.5,85.0,1018.0,1.0,0.0
神戸市 須磨区,2025-05-28 23:00:00,38.0,良好,pm25,38.0,13.0,24.1,26.0,19.0,93.0,1017.5,0.6,0.0
神戸市 須磨区,2025-05-29 01:00:00,30.0,良好,pm25,30.0,9.0,32.0,9.3,19.0,93.0,1017.0,0.2,0.0
神戸市 須磨区,2025-05-29 02:00:00,34.0,良好,pm25,34.0,10.0,29.6,10.2,19.0,93.0,1017.0,0.7,0.0
神戸市 須磨区,2025-05-29 03:00:00,30.0,良好,pm25,30.0,11.0,32.0,10.2,19.0,93.0,1017.0,1.3,0.0
神戸市 須磨区,2025-05-29 04:00:00,42.0,良好,pm25,42.0,14.0,22.4,16.7,19.0,93.0,1016.0,0.9,0.0
神戸市 須磨区,2025-05-29 05:00:00,34.0,良好,pm25,34.0,9.0,21.6,19.5,19.0,88.0,1016.5,0.8,0.0
神戸市 須磨区,2025-05-29 06:00:00,38.0,良好,pm25,38.0,13.0,10.4,29.7,19.0,93.0,1016.5,0.4,0.0
神戸市 須磨区,2025-05-29 07:00:00,42.0,良好,pm25,42.0,14.0,7.3,43.6,20.0,79.5,1017.0,1.0,0.0
神戸市 須磨区,2025-05-29 08:00:00,46.0,良好,pm25,46.0,16.0,6.4,39.9,20.0,82.0,1016.5,1.3,0.0
神戸市 須磨区,2025-05-29 09:00:00,42.0,良好,pm25,42.0,14.0,9.6,37.1,19.0,88.0,1016.0,0.2,0.0
神戸市 須磨区,2025-05-29 10:00:00,42.0,良好,pm25,42.0,15.0,18.4,25.1,19.0,93.0,1016.0,1.4,0.0
神戸市 須磨区,2025-05-29 11:00:00,55.0,普通,pm25,55.0,18.0,11.2,34.3,19.0,93.0,1016.0,1.4,0.0
神戸市 須磨区,2025-05-29 12:00:00,55.0,普通,pm25,55.0,17.0,12.1,35.2,19.5,90.5,1016.0,1.2,0.0
神戸市 須磨区,2025-05-29 13:00:00,53.0,普通,pm25,53.0,17.0,14.5,33.4,19.0,93.0,1016.0,1.3,0.0
神戸市 須磨区,2025-05-29 14:00:00,50.0,良好,pm25,50.0,13.0,31.2,20.4,19.0,93.0,1014.5,1.4,0.0
神戸市 須磨区,2025-05-29 15:00:00,34.0,良好,pm25,34.0,11.0,36.1,14.9,19.0,90.5,1013.5,1.4,0.0
神戸市 須磨区,2025-05-29 16:00:00,46.0,良好,pm25,46.0,14.0,37.6,11.2,19.5,79.5,1012.5,1.6,0.0
神戸市 須磨区,2025-05-29 17:00:00,53.0,普通,pm25,53.0,11.0,35.2,12.1,20.0,72.0,1012.0,2.3,0.0
神戸市 須磨区,2025-05-29 18:00:00,50.0,良好,pm25,50.0,17.0,30.4,14.9,23.0,61.1,1008.8,1.9,99.0
神戸市 須磨区,2025-05-29 19:00:00,55.0,普通,pm25,55.0,16.0,28.1,14.9,22.6,64.2,1009.1,1.4,99.0
神戸市 須磨区,2025-05-29 20:00:00,38.0,良好,pm25,38.0,12.0,28.9,13.0,22.4,62.1,1009.2,2.7,99.0
神戸市 須磨区,2025-05-29 21:00:00,50.0,良好,pm25,50.0,13.0,20.8,22.3,22.4,62.1,1009.2,2.0,99.0
神戸市 須磨区,2025-05-29 22:00:00,46.0,良好,pm25,46.0,11.0,30.4,9.3,21.5,61.1,1009.6,3.1,99.0
神戸市 須磨区,2025-05-29 23:00:00,38.0,良好,pm25,38.0,10.0,36.8,4.7,20.4,68.9,1009.0,3.5,99.0
神戸市 須磨区,2025-05-30 01:00:00,30.0,良好,pm25,30.0,11.0,38.4,4.7,19.8,63.2,1007.9,4.7,99.0
神戸市 須磨区,2025-05-30 02:00:00,34.0,良好,pm25,34.0,9.0,40.0,4.7,19.8,63.2,1007.9,4.6,99.0
神戸市 須磨区,2025-05-30 03:00:00,25.0,良好,pm25,25.0,8.0,39.2,3.8,19.8,63.2,1007.9,5.4,99.0
神戸市 須磨区,2025-05-30 04:00:00,13.0,良好,pm25,13.0,5.0,41.6,1.9,19.1,70.0,1007.0,4.2,99.0
神戸市 須磨区,2025-05-30 05:00:00,17.0,良好,pm25,17.0,5.0,42.4,1.9,19.1,69.1,1006.9,4.8,99.0
神戸市 須磨区,2025-05-30 06:00:00,13.0,良好,pm25,13.0,6.0,40.8,2.8,19.1,69.1,1007.2,5.5,99.0
神戸市 須磨区,2025-05-30 07:00:00,21.0,良好,pm25,21.0,7.0,39.2,3.8,19.6,66.1,1007.0,3.3,99.0
神戸市 須磨区,2025-05-30 08:00:00,7.0,良好,pm10,5.0,7.0,37.6,6.5,21.8,59.3,1006.7,3.1,99.0
神戸市 須磨区,2025-05-30 09:00:00,21.0,良好,pm25,21.0,10.0,39.2,5.6,21.7,60.0,1006.4,2.3,99.0
神戸市 須磨区,2025-05-30 10:00:00,42.0,良好,pm25,42.0,12.0,34.4,13.0,21.2,63.9,1006.1,2.5,99.0
神戸市 須磨区,2025-05-30 11:00:00,30.0,良好,pm25,30.0,10.0,34.4,14.9,22.1,58.9,1005.5,2.0,99.0
神戸市 須磨区,2025-05-30 12:00:00,30.0,良好,pm25,30.0,10.0,34.4,14.9,22.1,58.9,1005.5,1.6,99.0
神戸市 須磨区,2025-05-30 13:00:00,38.0,良好,pm25,38.0,11.0,41.6,2.8,22.1,58.9,1005.5,2.1,99.0
神戸市 須磨区,2025-05-30 14:00:00,30.0,良好,pm25,30.0,12.0,43.2,6.5,21.0,73.0,1006.0,2.6,0.0
神戸市 須磨区,2025-05-30 15:00:00,38.0,良好,pm25,38.0,13.0,44.0,4.7,21.0,75.0,1006.0,3.6,0.0
神戸市 須磨区,2025-05-30 16:00:00,46.0,良好,pm25,46.0,19.0,43.2,6.5,21.0,73.0,1005.0,4.0,0.0
神戸市 須磨区,2025-05-30 17:00:00,34.0,良好,pm25,34.0,10.0,44.8,3.8,20.0,82.0,1006.0,3.4,0.0
神戸市 須磨区,2025-05-30 18:00:00,46.0,良好,pm25,46.0,12.0,44.8,2.8,20.5,75.0,1005.5,1.8,0.0
神戸市 須磨区,2025-05-30 19:00:00,46.0,良好,pm25,46.0,12.0,43.2,1.9,20.0,72.0,1005.5,3.5,0.0
神戸市 須磨区,2025-05-30 20:00:00,34.0,良好,pm25,34.0,12.0,43.2,1.9,19.5,79.5,1005.5,4.7,0.0
神戸市 須磨区,2025-05-30 21:00:00,42.0,良好,pm25,42.0,13.0,42.4,1.9,20.5,60.9,1002.9,4.4,99.0
神戸市 須磨区,2025-05-30 22:00:00,42.0,良好,pm25,42.0,12.0,39.2,2.8,20.2,61.2,1003.0,4.5,99.0
神戸市 須磨区,2025-05-30 23:00:00,46.0,良好,pm25,46.0,12.0,41.6,1.9,19.7,63.2,1002.5,1.1,99.0
神戸市 須磨区,2025-05-31 01:00:00,34.0,良好,pm25,34.0,15.0,42.4,1.9,19.5,61.1,1001.3,2.1,99.0
神戸市 須磨区,2025-05-31 02:00:00,38.0,良好,pm25,38.0,13.0,43.2,1.0,19.3,62.3,1001.4,1.6,99.0
神戸市 須磨区,2025-05-31 03:00:00,46.0,良好,pm25,46.0,14.0,43.2,1.0,19.0,63.0,1001.3,0.3,99.0
神戸市 須磨区,2025-05-31 04:00:00,38.0,良好,pm25,38.0,11.0,43.2,1.0,18.9,62.2,1001.0,1.8,99.0
神戸市 須磨区,2025-05-31 05:00:00,42.0,良好,pm25,42.0,15.0,42.4,1.0,18.4,64.1,1001.0,1.0,99.0
神戸市 須磨区,2025-05-31 06:00:00,42.0,良好,pm25,42.0,11.0,42.4,1.9,18.3,65.0,1000.7,1.1,99.0
神戸市 須磨区,2025-05-31 07:00:00,42.0,良好,pm25,42.0,12.0,40.8,1.9,19.2,60.2,1001.5,1.1,99.0
神戸市 須磨区,2025-05-31 09:00:00,38.0,良好,pm25,38.0,13.0,40.8,1.9,19.4,57.9,1001.5,1.9,99.0
神戸市 須磨区,2025-05-31 10:00:00,46.0,良好,pm25,46.0,16.0,40.8,1.9,20.3,56.2,1001.4,3.1,99.0
神戸市 須磨区,2025-05-31 11:00:00,46.0,良好,pm25,46.0,16.0,43.2,1.0,21.7,51.9,1000.9,3.6,99.0
神戸市 須磨区,2025-05-31 12:00:00,42.0,良好,pm25,42.0,10.0,44.0,1.0,23.0,44.0,1000.1,3.1,99.0
神戸市 須磨区,2025-05-31 13:00:00,34.0,良好,pm25,34.0,14.0,44.0,1.0,23.0,44.0,1000.1,3.2,99.0
神戸市 須磨区,2025-05-31 14:00:00,42.0,良好,pm25,42.0,15.0,43.2,1.0,22.9,43.1,999.4,3.6,99.0
神戸市 須磨区,2025-05-31 15:00:00,30.0,良好,pm25,30.0,11.0,43.2,1.0,22.9,43.1,999.7,3.8,99.0
神戸市 須磨区,2025-05-31 16:00:00,38.0,良好,pm25,38.0,13.0,42.4,1.0,23.6,43.0,999.1,5.3,99.0
神戸市 須磨区,2025-05-31 17:00:00,34.0,良好,pm25,34.0,12.0,42.4,1.0,22.7,43.1,999.4,3.1,99.0
神戸市 須磨区,2025-05-31 18:00:00,42.0,良好,pm25,42.0,13.0,41.6,1.0,21.8,46.1,999.7,3.2,99.0
神戸市 須磨区,2025-05-31 19:00:00,42.0,良好,pm25,42.0,14.0,41.6,1.9,20.7,47.1,1000.3,2.9,99.0
神戸市 須磨区,2025-05-31 20:00:00,59.0,普通,pm25,59.0,16.0,41.6,1.9,20.0,48.1,1000.5,1.5,99.0
神戸市 須磨区,2025-05-31 21:00:00,38.0,良好,pm25,38.0,12.0,42.4,1.9,19.6,50.0,1001.4,2.0,99.0
神戸市 須磨区,2025-05-31 22:00:00,34.0,良好,pm25,34.0,11.0,44.0,1.0,19.6,50.0,1001.4,2.1,99.0
神戸市 須磨区,2025-05-31 23:00:00,25.0,良好,pm25,25.0,10.0,44.8,1.0,18.8,62.1,1002.3,0.9,99.0
神戸市 須磨区,2025-06-01 01:00:00,21.0,良好,pm25,21.0,6.0,38.4,4.7,18.8,62.1,1002.3,1.4,99.0
神戸市 須磨区,2025-06-01 02:00:00,34.0,良好,pm25,34.0,10.0,33.6,7.5,18.0,77.0,1005.0,1.4,0.0
神戸市 須磨区,2025-06-01 03:00:00,42.0,良好,pm25,42.0,10.0,32.8,7.5,18.0,77.0,1005.0,1.3,0.0
神戸市 須磨区,2025-06-01 04:00:00,38.0,良好,pm25,38.0,14.0,38.4,2.8,18.0,79.5,1006.0,2.6,0.0
神戸市 須磨区,2025-06-01 05:00:00,42.0,良好,pm25,42.0,17.0,37.6,2.8,18.0,77.0,1006.5,2.4,0.0
神戸市 須磨区,2025-06-01 06:00:00,38.0,良好,pm25,38.0,15.0,36.1,3.8,18.0,77.0,1007.0,2.3,0.0
神戸市 須磨区,2025-06-01 07:00:00,50.0,良好,pm25,50.0,17.0,31.2,8.4,18.0,79.5,1007.0,3.1,0.0
神戸市 須磨区,2025-06-01 08:00:00,53.0,普通,pm25,53.0,18.0,34.4,4.7,18.5,79.5,1007.5,3.0,0.0
神戸市 須磨区,2025-06-01 09:00:00,50.0,良好,pm25,50.0,20.0,37.6,1.0,19.0,77.0,1008.0,3.2,0.0
神戸市 須磨区,2025-06-01 10:00:00,50.0,良好,pm25,50.0,18.0,40.8,1.0,19.5,77.0,1008.0,2.8,0.0
神戸市 須磨区,2025-06-01 11:00:00,46.0,良好,pm25,46.0,12.0,40.0,1.0,20.5,70.0,1008.0,3.0,0.0
神戸市 須磨区,2025-06-01 12:00:00,53.0,普通,pm25,53.0,17.0,41.6,1.9,21.0,68.0,1007.5,2.5,0.0
神戸市 須磨区,2025-06-01 13:00:00,53.0,普通,pm25,53.0,18.0,42.4,1.9,21.5,68.5,1007.0,3.1,0.0
神戸市 須磨区,2025-06-01 14:00:00,57.0,普通,pm25,57.0,19.0,45.6,2.8,22.5,58.0,1007.0,2.5,0.0
神戸市 須磨区,2025-06-01 15:00:00,55.0,普通,pm25,55.0,20.0,47.2,2.8,22.5,58.0,1006.0,2.6,0.0
神戸市 須磨区,2025-06-01 16:00:00,63.0,普通,pm25,63.0,20.0,45.6,5.6,23.0,58.5,1006.0,1.8,0.0
神戸市 須磨区,2025-06-01 17:00:00,57.0,普通,pm25,57.0,17.0,44.8,6.5,24.0,51.5,1006.0,1.4,0.0
神戸市 須磨区,2025-06-01 18:00:00,53.0,普通,pm25,53.0,17.0,45.6,4.7,23.5,51.5,1006.5,1.4,0.0
神戸市 須磨区,2025-06-01 19:00:00,57.0,普通,pm25,57.0,20.0,45.6,6.5,22.5,54.5,1007.0,0.2,0.0
神戸市 須磨区,2025-06-01 20:00:00,57.0,普通,pm25,57.0,18.0,33.6,13.0,22.0,58.0,1007.5,1.4,0.0
神戸市 須磨区,2025-06-01 21:00:00,59.0,普通,pm25,59.0,15.0,27.2,10.2,20.5,66.0,1008.0,1.6,0.0
神戸市 須磨区,2025-06-01 22:00:00,57.0,普通,pm25,57.0,14.0,24.8,9.3,19.5,70.0,1008.5,0.6,0.0
神戸市 須磨区,2025-06-01 23:00:00,53.0,普通,pm25,53.0,17.0,18.4,17.6,19.5,66.0,1008.5,0.1,0.0
神戸市 須磨区,2025-06-02 01:00:00,50.0,良好,pm25,50.0,15.0,32.8,5.6,18.0,72.0,1009.0,2.6,0.0
神戸市 須磨区,2025-06-02 02:00:00,55.0,普通,pm25,55.0,17.0,32.0,4.7,18.0,67.0,1008.0,2.9,0.0
神戸市 須磨区,2025-06-02 03:00:00,59.0,普通,pm25,59.0,18.0,29.6,5.6,17.0,77.0,1008.0,1.5,0.0
神戸市 須磨区,2025-06-02 04:00:00,55.0,普通,pm25,55.0,16.0,28.9,6.5,16.0,77.0,1008.0,1.8,0.0
神戸市 須磨区,2025-06-02 05:00:00,50.0,良好,pm25,50.0,13.0,22.4,12.1,16.0,82.0,1008.0,1.4,0.0
神戸市 須磨区,2025-06-02 06:00:00,50.0,良好,pm25,50.0,16.0,16.8,16.7,17.0,82.0,1009.0,1.2,0.0
神戸市 須磨区,2025-06-02 07:00:00,53.0,普通,pm25,53.0,15.0,21.6,12.1,18.0,77.0,1009.0,0.5,0.0
神戸市 須磨区,2025-06-02 08:00:00,46.0,良好,pm25,46.0,18.0,25.6,13.0,20.0,68.0,1008.0,1.1,0.0
神戸市 須磨区,2025-06-02 09:00:00,57.0,普通,pm25,57.0,20.0,24.1,16.7,20.0,72.0,1007.0,2.0,0.0
神戸市 須磨区,2025-06-02 10:00:00,61.0,普通,pm25,61.0,20.0,27.2,15.8,20.0,72.0,1007.0,2.3,0.0
神戸市 須磨区,2025-06-02 11:00:00,57.0,普通,pm25,57.0,18.0,30.4,13.9,20.0,77.0,1007.0,2.7,0.0
神戸市 須磨区,2025-06-02 12:00:00,38.0,良好,pm25,38.0,12.0,40.8,6.5,20.0,77.0,1006.0,0.7,0.0
神戸市 須磨区,2025-06-02 13:00:00,46.0,良好,pm25,46.0,13.0,44.8,6.5,20.5,75.0,1006.0,1.4,0.0
神戸市 須磨区,2025-06-02 14:00:00,46.0,良好,pm25,46.0,13.0,48.1,4.7,21.0,75.0,1005.0,1.4,0.0
神戸市 須磨区,2025-06-02 15:00:00,46.0,良好,pm25,46.0,14.0,38.4,12.1,23.9,46.1,1002.1,1.9,99.0
神戸市 須磨区,2025-06-02 17:00:00,53.0,普通,pm25,53.0,14.0,44.0,9.3,23.3,57.0,1002.0,1.2,99.0
神戸市 須磨区,2025-06-02 18:00:00,57.0,普通,pm25,57.0,17.0,42.4,11.2,23.0,61.9,1002.6,1.4,99.0
神戸市 須磨区,2025-06-02 19:00:00,59.0,普通,pm25,59.0,17.0,39.2,12.1,22.1,70.1,1002.2,1.6,99.0
神戸市 須磨区,2025-06-02 20:00:00,59.0,普通,pm25,59.0,19.0,37.6,12.1,21.2,74.1,1002.5,1.1,99.0
神戸市 須磨区,2025-06-02 21:00:00,53.0,普通,pm25,53.0,20.0,41.6,7.5,20.7,75.9,1003.0,0.8,99.0
神戸市 須磨区,2025-06-02 22:00:00,50.0,良好,pm25,50.0,17.0,43.2,7.5,20.6,73.0,1002.4,1.4,99.0
神戸市 須磨区,2025-06-02 23:00:00,55.0,普通,pm25,55.0,17.0,44.8,5.6,20.5,72.1,1002.0,0.5,99.0
神戸市 須磨区,2025-06-03 01:00:00,55.0,普通,pm25,55.0,19.0,45.6,6.5,19.5,83.9,1000.8,1.6,99.0
神戸市 須磨区,2025-06-03 02:00:00,57.0,普通,pm25,57.0,15.0,46.5,3.8,18.5,92.1,999.8,1.9,99.0
神戸市 須磨区,2025-06-03 03:00:00,55.0,普通,pm25,55.0,16.0,44.0,3.8,18.5,92.1,999.8,0.4,99.0
神戸市 須磨区,2025-06-03 04:00:00,42.0,良好,pm25,42.0,17.0,42.4,4.7,18.7,89.3,998.2,1.6,0.5
神戸市 須磨区,2025-06-03 05:00:00,53.0,普通,pm25,53.0,17.0,36.8,7.5,18.4,93.3,998.1,1.1,0.5
神戸市 須磨区,2025-06-03 06:00:00,53.0,普通,pm25,53.0,17.0,33.6,8.4,18.1,93.9,997.3,1.4,0.5
神戸市 須磨区,2025-06-03 07:00:00,55.0,普通,pm25,55.0,15.0,32.0,9.3,18.1,93.3,996.4,3.7,0.5
神戸市 須磨区,2025-06-03 08:00:00,50.0,良好,pm25,50.0,16.0,26.4,11.2,18.1,93.9,995.9,3.9,0.5
神戸市 須磨区,2025-06-03 09:00:00,42.0,良好,pm25,42.0,11.0,24.8,13.9,18.0,93.9,995.0,4.5,2.4
神戸市 須磨区,2025-06-03 10:00:00,21.0,良好,pm25,21.0,10.0,26.4,16.7,18.1,95.1,994.1,4.8,2.4
神戸市 須磨区,2025-06-03 11:00:00,9.0,良好,pm25,9.0,4.0,32.8,12.1,18.1,95.1,994.1,4.1,2.4
神戸市 須磨区,2025-06-03 12:00:00,9.0,良好,pm25,9.0,2.0,35.2,11.2,18.8,92.2,993.1,3.2,2.4
神戸市 須磨区,2025-06-03 13:00:00,5.0,良好,pm25,5.0,2.0,36.8,7.5,19.7,88.2,992.1,4.5,2.4
神戸市 須磨区,2025-06-03 15:00:00,25.0,良好,pm25,25.0,2.0,32.8,7.5,19.7,88.2,992.1,3.6,2.4
神戸市 須磨区,2025-06-03 16:00:00,5.0,良好,pm25,5.0,2.0,33.6,12.1,20.7,84.0,991.8,2.9,2.4
神戸市 須磨区,2025-06-03 17:00:00,9.0,良好,pm25,9.0,3.0,36.8,9.3,19.8,89.9,992.6,3.5,2.4
神戸市 須磨区,2025-06-03 18:00:00,13.0,良好,pm25,13.0,4.0,33.6,12.1,20.2,87.2,992.9,1.6,2.4
神戸市 須磨区,2025-06-03 19:00:00,17.0,良好,pm25,17.0,7.0,29.6,13.0,19.7,92.8,993.7,0.7,2.4
神戸市 須磨区,2025-06-03 20:00:00,17.0,良好,pm25,17.0,8.0,26.4,16.7,19.8,92.2,994.7,1.4,2.4
神戸市 須磨区,2025-06-03 21:00:00,25.0,良好,pm25,25.0,6.0,31.2,11.2,19.9,89.9,995.5,0.8,1.5
神戸市 須磨区,2025-06-03 22:00:00,34.0,良好,pm25,34.0,10.0,28.1,11.2,19.9,89.9,996.0,3.4,1.5
神戸市 須磨区,2025-06-03 23:00:00,50.0,良好,pm25,50.0,14.0,21.6,14.9,19.8,92.2,996.4,2.8,1.5
神戸市 須磨区,2025-06-04 01:00:00,57.0,普通,pm25,57.0,20.0,20.0,11.2,19.9,91.1,996.4,3.3,1.5
神戸市 須磨区,2025-06-04 02:00:00,55.0,普通,pm25,55.0,20.0,16.8,13.0,19.9,88.8,996.6,2.9,1.5
神戸市 須磨区,2025-06-04 03:00:00,42.0,良好,pm25,42.0,12.0,17.6,10.2,19.9,88.8,996.6,3.2,1.5
神戸市 須磨区,2025-06-04 04:00:00,34.0,良好,pm25,34.0,10.0,20.8,4.7,19.0,93.3,997.7,1.9,99.0
神戸市 須磨区,2025-06-04 05:00:00,25.0,良好,pm25,25.0,9.0,18.4,7.5,18.4,89.3,998.1,1.0,99.0
神戸市 須磨区,2025-06-04 06:00:00,30.0,良好,pm25,30.0,10.0,17.6,10.2,19.0,87.1,998.8,3.3,99.0
神戸市 須磨区,2025-06-04 07:00:00,25.0,良好,pm25,25.0,10.0,18.4,9.3,20.2,81.9,999.4,1.0,99.0
神戸市 須磨区,2025-06-04 08:00:00,21.0,良好,pm25,21.0,9.0,21.6,6.5,21.4,78.0,999.9,2.3,99.0
神戸市 須磨区,2025-06-04 09:00:00,34.0,良好,pm25,34.0,10.0,26.4,5.6,22.0,74.2,999.9,1.5,99.0
神戸市 須磨区,2025-06-04 10:00:00,55.0,普通,pm25,55.0,20.0,32.8,6.5,23.1,63.9,1000.3,4.0,99.0
神戸市 須磨区,2025-06-04 11:00:00,63.0,普通,pm25,63.0,26.0,36.1,7.5,23.3,68.2,1000.6,3.3,99.0
神戸市 須磨区,2025-06-04 12:00:00,61.0,普通,pm25,61.0,20.0,45.6,7.5,23.2,61.9,1000.7,3.9,99.0
神戸市 須磨区,2025-06-04 13:00:00,53.0,普通,pm25,53.0,18.0,45.6,3.8,24.1,56.1,1000.1,2.9,99.0
神戸市 須磨区,2025-06-04 14:00:00,61.0,普通,pm25,61.0,19.0,49.6,5.6,25.2,48.0,1000.1,3.4,99.0
神戸市 須磨区,2025-06-04 15:00:00,46.0,良好,pm25,46.0,15.0,52.0,7.5,25.3,40.2,1000.0,2.2,99.0
神戸市 須磨区,2025-06-04 16:00:00,50.0,良好,pm25,50.0,15.0,52.0,4.7,25.2,40.1,1000.0,2.3,99.0
神戸市 須磨区,2025-06-04 17:00:00,50.0,良好,pm25,50.0,17.0,49.6,7.5,25.6,38.9,1000.2,3.8,99.0
神戸市 須磨区,2025-06-04 18:00:00,55.0,普通,pm25,55.0,16.0,53.3,5.6,24.9,40.1,1000.7,2.6,99.0
神戸市 須磨区,2025-06-04 19:00:00,53.0,普通,pm25,53.0,17.0,50.7,7.5,24.0,43.1,1001.4,3.8,99.0
神戸市 須磨区,2025-06-04 20:00:00,50.0,良好,pm25,50.0,17.0,42.4,13.9,22.6,48.2,1002.0,3.2,99.0
神戸市 須磨区,2025-06-04 21:00:00,46.0,良好,pm25,46.0,12.0,38.4,13.0,22.7,46.0,1002.5,2.3,99.0
神戸市 須磨区,2025-06-04 22:00:00,50.0,良好,pm25,50.0,14.0,37.6,12.1,22.3,45.9,1002.8,2.4,99.0
神戸市 須磨区,2025-06-04 23:00:00,50.0,良好,pm25,50.0,15.0,39.2,10.2,21.1,49.1,1003.1,2.2,99.0
神戸市 須磨区,2025-06-05 01:00:00,53.0,普通,pm25,53.0,14.0,28.1,14.9,19.7,58.0,1003.3,1.2,99.0
神戸市 須磨区,2025-06-05 02:00:00,57.0,普通,pm25,57.0,19.0,18.4,20.4,19.7,58.0,1003.3,1.0,99.0
神戸市 須磨区,2025-06-05 03:00:00,55.0,普通,pm25,55.0,16.0,19.2,13.9,19.7,58.0,1003.3,0.7,99.0
神戸市 須磨区,2025-06-05 04:00:00,53.0,普通,pm25,53.0,14.0,12.8,23.2,19.1,61.0,1004.7,1.1,99.0
神戸市 須磨区,2025-06-05 05:00:00,53.0,普通,pm25,53.0,16.0,23.3,13.9,18.3,79.0,1005.1,1.6,99.0
神戸市 須磨区,2025-06-05 06:00:00,55.0,普通,pm25,55.0,20.0,9.6,27.8,18.3,79.0,1005.1,0.2,99.0
神戸市 須磨区,2025-06-05 07:00:00,53.0,普通,pm25,53.0,20.0,16.8,20.4,19.9,67.9,1006.7,0.9,99.0
神戸市 須磨区,2025-06-05 08:00:00,59.0,普通,pm25,59.0,20.0,21.6,22.3,22.5,51.1,1007.3,1.1,99.0
神戸市 須磨区,2025-06-05 09:00:00,65.0,普通,pm25,65.0,26.0,34.4,12.1,24.3,47.1,1007.4,4.0,99.0
神戸市 須磨区,2025-06-05 10:00:00,72.0,普通,pm25,72.0,24.0,34.4,15.8,24.0,51.2,1007.4,3.0,99.0
神戸市 須磨区,2025-06-05 11:00:00,65.0,普通,pm25,65.0,20.0,40.8,13.0,25.5,49.0,1007.4,1.3,99.0
神戸市 須磨区,2025-06-05 12:00:00,65.0,普通,pm25,65.0,18.0,49.6,8.4,25.1,43.2,1007.2,2.6,99.0
神戸市 須磨区,2025-06-05 13:00:00,57.0,普通,pm25,57.0,20.0,54.5,7.5,25.0,40.1,1007.1,2.6,99.0
神戸市 須磨区,2025-06-05 14:00:00,68.0,普通,pm25,68.0,21.0,52.0,13.9,24.5,60.5,1010.0,3.9,0.0
神戸市 須磨区,2025-06-05 15:00:00,72.0,普通,pm25,72.0,26.0,44.8,24.1,24.5,65.0,1010.0,2.2,0.0
神戸市 須磨区,2025-06-05 16:00:00,61.0,普通,pm25,61.0,24.0,75.0,10.2,24.0,64.5,1009.0,2.7,0.0
神戸市 須磨区,2025-06-05 17:00:00,55.0,普通,pm25,55.0,18.0,66.1,6.5,23.5,71.0,1009.0,1.7,0.0
神戸市 須磨区,2025-06-05 18:00:00,42.0,良好,pm25,42.0,15.0,49.6,7.5,23.0,73.0,1010.0,3.1,0.0
神戸市 須磨区,2025-06-05 19:00:00,53.0,普通,pm25,53.0,13.0,47.2,8.4,22.5,64.5,1010.5,1.8,0.0
神戸市 須磨区,2025-06-05 20:00:00,59.0,普通,pm25,59.0,17.0,32.8,26.0,23.0,58.0,1011.5,1.1,0.0
神戸市 須磨区,2025-06-05 21:00:00,61.0,普通,pm25,61.0,22.0,9.6,60.9,23.0,49.0,1012.0,0.2,0.0
神戸市 須磨区,2025-06-05 22:00:00,57.0,普通,pm25,57.0,20.0,17.6,34.3,23.0,46.0,1012.0,0.4,0.0
神戸市 須磨区,2025-06-05 23:00:00,57.0,普通,pm25,57.0,17.0,21.6,28.8,22.0,61.5,1012.0,1.0,0.0
神戸市 須磨区,2025-06-06 01:00:00,63.0,普通,pm25,63.0,19.0,23.3,21.3,21.0,77.0,1012.0,1.3,0.0
神戸市 須磨区,2025-06-06 02:00:00,55.0,普通,pm25,55.0,19.0,27.2,17.6,20.0,82.0,1012.0,1.2,0.0
神戸市 須磨区,2025-06-06 03:00:00,57.0,普通,pm25,57.0,17.0,29.6,16.7,19.5,70.0,1012.5,1.1,0.0
神戸市 須磨区,2025-06-06 04:00:00,55.0,普通,pm25,55.0,18.0,28.1,20.4,19.0,72.0,1012.0,0.5,0.0
神戸市 須磨区,2025-06-06 05:00:00,57.0,普通,pm25,57.0,18.0,25.6,19.5,19.5,70.0,1012.5,0.9,0.0
神戸市 須磨区,2025-06-06 06:00:00,57.0,普通,pm25,57.0,20.0,10.4,36.2,20.5,72.5,1013.0,0.3,0.0
神戸市 須磨区,2025-06-06 07:00:00,59.0,普通,pm25,59.0,20.0,17.6,24.1,21.0,75.0,1013.0,1.0,0.0
神戸市 須磨区,2025-06-06 08:00:00,59.0,普通,pm25,59.0,20.0,14.5,29.7,21.5,70.5,1013.0,1.0,0.0
神戸市 須磨区,2025-06-06 09:00:00,55.0,普通,pm25,55.0,19.0,28.1,20.4,22.0,70.5,1013.0,1.5,0.0
神戸市 須磨区,2025-06-06 10:00:00,59.0,普通,pm25,59.0,18.0,45.6,12.1,22.0,73.0,1013.0,1.0,0.0
神戸市 須磨区,2025-06-06 11:00:00,59.0,普通,pm25,59.0,18.0,48.1,11.2,26.2,49.2,1010.0,1.6,99.0
神戸市 須磨区,2025-06-06 12:00:00,57.0,普通,pm25,57.0,16.0,52.0,8.4,26.3,47.9,1009.6,1.9,99.0
神戸市 須磨区,2025-06-06 13:00:00,53.0,普通,pm25,53.0,16.0,54.5,5.6,27.0,54.0,1011.0,2.1,0.0
神戸市 須磨区,2025-06-06 14:00:00,57.0,普通,pm25,57.0,16.0,48.8,9.3,26.1,44.0,1008.4,2.0,99.0
神戸市 須磨区,2025-06-06 15:00:00,59.0,普通,pm25,59.0,19.0,42.4,12.1,25.0,61.2,1008.6,2.5,99.0
神戸市 須磨区,2025-06-06 16:00:00,55.0,普通,pm25,55.0,20.0,41.6,13.9,25.0,61.2,1008.6,2.2,99.0
神戸市 須磨区,2025-06-06 17:00:00,55.0,普通,pm25,55.0,18.0,41.6,12.1,23.0,68.0,1011.0,1.9,0.0
神戸市 須磨区,2025-06-06 18:00:00,50.0,良好,pm25,50.0,16.0,44.0,13.0,24.0,60.2,1008.2,2.0,99.0
神戸市 須磨区,2025-06-06 19:00:00,53.0,普通,pm25,53.0,18.0,41.6,13.9,23.8,59.0,1008.9,1.9,99.0
神戸市 須磨区,2025-06-06 20:00:00,50.0,良好,pm25,50.0,14.0,42.4,10.2,23.5,60.0,1009.6,1.7,99.0
神戸市 須磨区,2025-06-06 21:00:00,53.0,普通,pm25,53.0,19.0,33.6,16.7,22.0,62.0,1013.0,0.9,0.0
神戸市 須磨区,2025-06-06 22:00:00,55.0,普通,pm25,55.0,16.0,33.6,14.9,23.4,66.9,1010.0,0.5,99.0
神戸市 須磨区,2025-06-06 23:00:00,50.0,良好,pm25,50.0,16.0,31.2,13.9,23.0,69.0,1010.1,0.6,99.0
神戸市 須磨区,2025-06-07 01:00:00,42.0,良好,pm25,42.0,17.0,36.1,9.3,23.0,63.1,1009.1,0.9,99.0
神戸市 須磨区,2025-06-07 02:00:00,50.0,良好,pm25,50.0,11.0,40.0,7.5,22.8,62.2,1008.2,1.1,99.0
神戸市 須磨区,2025-06-07 03:00:00,42.0,良好,pm25,42.0,12.0,39.2,8.4,22.8,62.2,1008.2,1.2,99.0
神戸市 須磨区,2025-06-07 04:00:00,42.0,良好,pm25,42.0,13.0,29.6,11.2,22.1,67.9,1008.0,0.5,99.0
神戸市 須磨区,2025-06-07 05:00:00,46.0,良好,pm25,46.0,12.0,29.6,12.1,21.9,70.1,1008.0,0.8,99.0
神戸市 須磨区,2025-06-07 06:00:00,50.0,良好,pm25,50.0,14.0,24.8,15.8,22.4,70.2,1008.7,0.9,99.0
神戸市 須磨区,2025-06-07 07:00:00,53.0,普通,pm25,53.0,17.0,23.3,20.4,22.4,70.2,1008.7,0.6,99.0
神戸市 須磨区,2025-06-07 08:00:00,53.0,普通,pm25,53.0,17.0,32.8,15.8,22.4,70.2,1008.7,0.7,99.0
神戸市 須磨区,2025-06-07 09:00:00,59.0,普通,pm25,59.0,19.0,19.2,29.7,23.0,68.0,1011.0,2.5,0.0
神戸市 須磨区,2025-06-07 10:00:00,65.0,普通,pm25,65.0,22.0,30.4,35.2,22.0,78.0,1011.0,1.8,0.0
神戸市 須磨区,2025-06-07 11:00:00,68.0,普通,pm25,68.0,23.0,37.6,27.8,22.0,83.0,1011.0,1.6,0.0
神戸市 須磨区,2025-06-07 12:00:00,61.0,普通,pm25,61.0,21.0,54.5,13.9,21.0,88.0,1010.0,1.4,0.0
神戸市 須磨区,2025-06-07 13:00:00,63.0,普通,pm25,63.0,20.0,55.8,13.9,22.0,83.0,1010.0,0.5,0.0
神戸市 須磨区,2025-06-07 14:00:00,61.0,普通,pm25,61.0,20.0,44.8,17.6,22.0,78.0,1010.0,1.2,0.0
神戸市 須磨区,2025-06-07 15:00:00,57.0,普通,pm25,57.0,18.0,44.8,9.3,22.0,75.5,1010.0,2.5,0.0
神戸市 須磨区,2025-06-07 16:00:00,61.0,普通,pm25,61.0,21.0,47.2,9.3,22.0,75.5,1009.0,2.8,0.0
神戸市 須磨区,2025-06-07 17:00:00,61.0,普通,pm25,61.0,20.0,54.5,7.5,23.0,71.0,1009.0,1.8,0.0
神戸市 須磨区,2025-06-07 18:00:00,72.0,普通,pm25,72.0,24.0,44.0,21.3,22.0,88.0,1009.0,1.0,0.0
神戸市 須磨区,2025-06-07 19:00:00,65.0,普通,pm25,65.0,20.0,38.4,25.1,22.5,78.0,1009.0,1.8,0.0
神戸市 須磨区,2025-06-07 20:00:00,61.0,普通,pm25,61.0,22.0,40.8,15.8,22.5,73.0,1010.0,1.1,0.0
神戸市 須磨区,2025-06-07 21:00:00,61.0,普通,pm25,61.0,20.0,39.2,11.2,22.0,78.0,1010.0,0.6,0.0
神戸市 須磨区,2025-06-07 22:00:00,53.0,普通,pm25,53.0,16.0,37.6,11.2,21.0,88.0,1010.0,0.7,0.0
神戸市 須磨区,2025-06-07 23:00:00,59.0,普通,pm25,59.0,19.0,33.6,13.0,21.0,88.0,1010.0,0.3,0.0
神戸市 須磨区,2025-06-08 01:00:00,70.0,普通,pm25,70.0,26.0,33.6,11.2,21.0,88.0,1010.0,0.5,0.0
神戸市 須磨区,2025-06-08 02:00:00,78.0,普通,pm25,78.0,30.0,40.8,9.3,20.0,93.0,1010.0,0.9,0.0
神戸市 須磨区,2025-06-08 03:00:00,76.0,普通,pm25,76.0,28.0,37.6,8.4,20.0,93.0,1010.0,0.4,0.0
神戸市 須磨区,2025-06-08 04:00:00,68.0,普通,pm25,68.0,24.0,39.2,7.5,21.0,88.0,1010.0,0.3,0.0
神戸市 須磨区,2025-06-08 05:00:00,68.0,普通,pm25,68.0,22.0,41.6,5.6,21.0,88.0,1010.0,0.7,0.0
神戸市 須磨区,2025-06-08 06:00:00,68.0,普通,pm25,68.0,24.0,32.0,10.2,21.0,79.5,1011.0,0.9,0.0
神戸市 須磨区,2025-06-08 08:00:00,72.0,普通,pm25,72.0,26.0,28.9,12.1,21.0,85.0,1011.0,0.1,0.0
神戸市 須磨区,2025-06-08 09:00:00,70.0,普通,pm25,70.0,24.0,24.8,19.5,21.0,88.0,1010.5,0.9,0.0
神戸市 須磨区,2025-06-08 10:00:00,72.0,普通,pm25,72.0,25.0,24.1,23.2,21.5,86.0,1010.5,1.0,0.0
神戸市 須磨区,2025-06-08 11:00:00,70.0,普通,pm25,70.0,25.0,23.3,20.4,21.0,91.0,1010.0,1.2,0.0
神戸市 須磨区,2025-06-08 12:00:00,63.0,普通,pm25,63.0,23.0,23.3,20.4,22.0,85.5,1010.0,1.2,0.0
神戸市 須磨区,2025-06-08 13:00:00,68.0,普通,pm25,68.0,23.0,30.4,14.9,22.0,88.0,1010.0,1.4,0.0
神戸市 須磨区,2025-06-08 14:00:00,72.0,普通,pm25,72.0,23.0,44.0,9.3,22.0,85.5,1010.0,1.0,0.0
神戸市 須磨区,2025-06-08 15:00:00,80.0,普通,pm25,80.0,26.0,35.2,14.9,23.0,73.0,1010.0,1.4,0.0
神戸市 須磨区,2025-06-08 16:00:00,70.0,普通,pm25,70.0,25.0,37.6,10.2,21.5,82.5,1010.0,1.1,0.0
神戸市 須磨区,2025-06-08 17:00:00,68.0,普通,pm25,68.0,24.0,37.6,12.1,21.0,88.0,1010.0,0.7,0.0
神戸市 須磨区,2025-06-08 18:00:00,74.0,普通,pm25,74.0,27.0,36.1,13.9,21.0,88.0,1011.0,0.8,0.0
神戸市 須磨区,2025-06-08 19:00:00,78.0,普通,pm25,78.0,32.0,32.8,15.8,22.2,77.1,1008.1,0.9,99.0
神戸市 須磨区,2025-06-08 20:00:00,72.0,普通,pm25,72.0,22.0,36.8,10.2,21.0,88.0,1012.0,1.0,0.0
神戸市 須磨区,2025-06-08 21:00:00,65.0,普通,pm25,65.0,24.0,36.1,8.4,21.0,88.0,1012.0,0.5,0.0
神戸市 須磨区,2025-06-08 22:00:00,63.0,普通,pm25,63.0,20.0,27.2,11.2,21.0,88.0,1012.0,0.4,0.0
神戸市 須磨区,2025-06-08 23:00:00,55.0,普通,pm25,55.0,20.0,31.2,7.5,21.0,85.0,1012.0,0.5,0.0
神戸市 須磨区,2025-06-09 01:00:00,38.0,良好,pm25,38.0,12.0,29.6,5.6,20.0,93.0,1012.0,0.5,0.0
神戸市 須磨区,2025-06-09 02:00:00,46.0,良好,pm25,46.0,11.0,29.6,4.7,20.0,93.0,1011.0,0.2,0.0
神戸市 須磨区,2025-06-09 03:00:00,42.0,良好,pm25,42.0,12.0,22.4,8.4,20.0,93.0,1011.0,0.8,0.0
神戸市 須磨区,2025-06-09 04:00:00,50.0,良好,pm25,50.0,11.0,17.6,12.1,20.0,93.0,1011.0,1.1,0.0
神戸市 須磨区,2025-06-09 05:00:00,50.0,良好,pm25,50.0,13.0,10.4,20.4,20.0,93.0,1011.0,0.8,0.0
神戸市 須磨区,2025-06-09 06:00:00,50.0,良好,pm25,50.0,14.0,12.8,19.5,20.0,93.0,1011.0,1.1,0.0
神戸市 須磨区,2025-06-09 07:00:00,38.0,良好,pm25,38.0,16.0,27.2,8.4,20.5,88.0,1011.0,1.1,0.0
神戸市 須磨区,2025-06-09 08:00:00,55.0,普通,pm25,55.0,20.0,15.2,25.1,21.0,88.0,1011.0,0.9,0.0
神戸市 須磨区,2025-06-09 09:00:00,61.0,普通,pm25,61.0,22.0,17.6,23.2,21.0,91.0,1011.0,1.4,0.0
神戸市 須磨区,2025-06-09 10:00:00,65.0,普通,pm25,65.0,23.0,17.6,24.1,21.0,91.0,1011.0,2.3,0.0
神戸市 須磨区,2025-06-09 11:00:00,68.0,普通,pm25,68.0,24.0,9.6,31.5,21.0,94.0,1011.0,1.8,0.0
神戸市 須磨区,2025-06-09 12:00:00,70.0,普通,pm25,70.0,26.0,12.1,33.4,21.0,94.0,1010.5,1.4,0.0
神戸市 須磨区,2025-06-09 13:00:00,63.0,普通,pm25,63.0,20.0,34.4,14.9,21.0,91.0,1010.0,1.3,0.0
神戸市 須磨区,2025-06-09 14:00:00,80.0,普通,pm25,80.0,19.0,42.4,12.1,20.0,93.0,1010.6,1.0,0.0
神戸市 須磨区,2025-06-09 15:00:00,72.0,普通,pm25,72.0,28.0,31.2,17.6,19.0,96.5,1010.0,0.7,0.0
神戸市 須磨区,2025-06-09 16:00:00,63.0,普通,pm25,63.0,20.0,28.9,11.2,19.0,96.5,1009.5,1.3,0.0
神戸市 須磨区,2025-06-09 17:00:00,55.0,普通,pm25,55.0,16.0,35.2,7.5,19.0,100.0,1010.0,1.2,0.0
神戸市 須磨区,2025-06-09 18:00:00,55.0,普通,pm25,55.0,20.0,32.0,12.1,20.0,93.0,1010.0,0.6,0.0
神戸市 須磨区,2025-06-09 19:00:00,42.0,良好,pm25,42.0,13.0,28.1,15.8,20.0,97.6,1009.6,1.0,0.0
神戸市 須磨区,2025-06-09 20:00:00,13.0,良好,pm25,13.0,4.0,30.4,11.2,20.0,100.0,1009.0,3.4,0.0
神戸市 須磨区,2025-06-09 21:00:00,13.0,良好,pm25,13.0,4.0,31.2,10.2,20.0,100.0,1009.0,3.9,0.0
神戸市 須磨区,2025-06-09 22:00:00,13.0,良好,pm25,13.0,4.0,32.0,7.5,20.0,100.0,1009.0,2.6,0.0
神戸市 須磨区,2025-06-09 23:00:00,21.0,良好,pm25,21.0,5.0,34.4,7.5,20.0,97.2,1009.0,2.7,0.0
神戸市 須磨区,2025-06-10 01:00:00,13.0,良好,pm25,13.0,3.0,34.4,6.5,20.0,93.0,1009.0,1.5,0.0
神戸市 須磨区,2025-06-10 02:00:00,5.0,良好,pm25,5.0,3.0,36.1,3.8,20.0,100.0,1008.6,2.3,0.0
神戸市 須磨区,2025-06-10 03:00:00,13.0,良好,pm25,13.0,3.0,36.1,3.8,20.0,100.0,1008.0,3.3,0.0
神戸市 須磨区,2025-06-10 04:00:00,9.0,良好,pm25,9.0,1.0,34.4,4.7,20.0,100.0,1008.0,2.6,0.0
神戸市 須磨区,2025-06-10 05:00:00,13.0,良好,pm25,13.0,3.0,31.2,7.5,20.0,100.0,1008.0,2.6,0.0
神戸市 須磨区,2025-06-10 06:00:00,9.0,良好,pm25,9.0,4.0,28.9,9.3,20.0,100.0,1008.0,2.9,0.0
神戸市 須磨区,2025-06-10 07:00:00,13.0,良好,pm25,13.0,4.0,25.6,12.1,20.0,100.0,1008.0,3.0,0.0
神戸市 須磨区,2025-06-10 08:00:00,17.0,良好,pm25,17.0,4.0,21.6,16.7,20.0,100.0,1008.0,3.2,0.0
神戸市 須磨区,2025-06-10 09:00:00,17.0,良好,pm25,17.0,10.0,15.2,22.3,20.0,100.0,1008.0,1.6,0.0
神戸市 須磨区,2025-06-10 10:00:00,21.0,良好,pm25,21.0,8.0,4.8,38.9,21.0,100.0,1008.0,1.6,0.0
神戸市 須磨区,2025-06-10 11:00:00,25.0,良好,pm25,25.0,14.0,4.8,34.3,24.0,98.5,1007.0,1.3,0.0
神戸市 須磨区,2025-06-10 12:00:00,21.0,良好,pm25,21.0,8.0,10.4,20.4,24.3,98.0,1007.0,0.9,0.0
神戸市 須磨区,2025-06-10 13:00:00,30.0,良好,pm25,30.0,13.0,5.6,15.8,24.5,97.0,1007.0,0.3,0.0
神戸市 須磨区,2025-06-10 14:00:00,13.0,良好,pm25,13.0,8.0,12.8,14.9,24.5,97.0,1007.0,3.0,0.0
神戸市 須磨区,2025-06-10 15:00:00,21.0,良好,pm25,21.0,6.0,12.1,8.4,24.0,94.0,1006.5,1.7,0.0
神戸市 須磨区,2025-06-10 16:00:00,46.0,良好,pm25,46.0,20.0,7.3,5.6,24.0,100.0,1005.5,1.8,0.0
神戸市 須磨区,2025-06-10 17:00:00,42.0,良好,pm25,42.0,24.0,6.4,6.5,24.0,97.0,1006.0,2.1,0.0
神戸市 須磨区,2025-06-10 18:00:00,55.0,普通,pm25,55.0,26.0,5.6,7.5,25.0,94.0,1006.0,1.6,0.0
神戸市 須磨区,2025-06-10 19:00:00,50.0,良好,pm25,50.0,24.0,2.4,10.2,25.0,88.0,1006.0,1.6,0.0
神戸市 須磨区,2025-06-10 20:00:00,50.0,良好,pm25,50.0,25.0,4.0,10.2,24.5,97.0,1007.0,1.6,0.0
神戸市 須磨区,2025-06-10 21:00:00,55.0,普通,pm25,55.0,25.0,3.2,9.3,25.0,94.0,1007.0,2.0,0.0
神戸市 須磨区,2025-06-10 23:00:00,46.0,良好,pm25,46.0,19.0,1.6,10.2,22.8,99.0,1007.5,1.4,0.0
神戸市 須磨区,2025-06-11 00:00:00,13.0,良好,pm25,13.0,8.0,2.4,13.0,21.4,100.0,1007.6,7.4,0.0
神戸市 須磨区,2025-06-11 02:00:00,17.0,良好,pm25,17.0,4.0,13.6,9.3,21.0,100.0,1007.0,4.1,0.0
神戸市 須磨区,2025-06-11 03:00:00,21.0,良好,pm25,21.0,5.0,16.8,8.4,20.3,100.0,1007.0,2.9,0.0
神戸市 須磨区,2025-06-11 04:00:00,9.0,良好,pm25,9.0,5.0,17.6,7.5,21.5,100.0,1007.7,3.5,0.0
神戸市 須磨区,2025-06-11 05:00:00,13.0,良好,pm25,13.0,5.0,16.8,5.6,21.7,100.0,1008.2,2.9,0.0
神戸市 須磨区,2025-06-11 06:00:00,25.0,良好,pm25,25.0,6.0,8.8,13.0,21.5,100.0,1009.0,1.4,0.0
神戸市 須磨区,2025-06-11 07:00:00,25.0,良好,pm25,25.0,10.0,10.4,15.8,22.8,85.8,1006.0,3.0,1.6
神戸市 須磨区,2025-06-11 08:00:00,25.0,良好,pm25,25.0,10.0,12.1,15.8,22.6,86.9,1006.2,3.2,1.6
神戸市 須磨区,2025-06-11 09:00:00,38.0,良好,pm25,38.0,10.0,8.0,21.3,22.5,91.2,1006.7,0.5,2.8
神戸市 須磨区,2025-06-11 10:00:00,34.0,良好,pm25,34.0,11.0,21.6,16.7,22.5,91.2,1006.7,1.4,2.8
神戸市 須磨区,2025-06-11 11:00:00,30.0,良好,pm25,30.0,10.0,28.9,14.9,19.0,100.0,1012.0,4.8,0.0
神戸市 須磨区,2025-06-11 12:00:00,38.0,良好,pm25,38.0,12.0,38.4,10.2,20.0,93.0,1012.0,3.3,0.0
神戸市 須磨区,2025-06-11 13:00:00,50.0,良好,pm25,50.0,16.0,38.4,11.2,20.0,96.5,1011.5,1.6,0.0
神戸市 須磨区,2025-06-11 14:00:00,42.0,良好,pm25,42.0,14.0,37.6,12.1,20.0,100.0,1011.0,0.9,0.0
神戸市 須磨区,2025-06-11 15:00:00,38.0,良好,pm25,38.0,14.0,40.8,7.5,20.0,100.0,1012.0,1.9,0.0
神戸市 須磨区,2025-06-11 16:00:00,38.0,良好,pm25,38.0,14.0,40.0,11.2,20.0,100.0,1012.0,1.4,0.0
神戸市 須磨区,2025-06-11 17:00:00,46.0,良好,pm25,46.0,11.0,47.2,8.4,21.5,91.0,1012.0,0.9,0.0
神戸市 須磨区,2025-06-11 18:00:00,42.0,良好,pm25,42.0,13.0,44.8,11.2,22.0,88.0,1012.0,1.6,0.0
神戸市 須磨区,2025-06-11 19:00:00,53.0,普通,pm25,53.0,15.0,32.8,18.6,22.0,88.0,1012.0,0.8,0.0
神戸市 須磨区,2025-06-11 20:00:00,59.0,普通,pm25,59.0,13.0,8.0,56.6,21.5,88.0,1012.5,1.2,0.0
神戸市 須磨区,2025-06-11 21:00:00,50.0,良好,pm25,50.0,12.0,23.3,23.2,20.5,90.5,1013.0,0.4,0.0
神戸市 須磨区,2025-06-11 22:00:00,55.0,普通,pm25,55.0,20.0,13.6,26.0,20.0,100.0,1014.0,1.1,0.0
神戸市 須磨区,2025-06-11 23:00:00,61.0,普通,pm25,61.0,19.0,18.4,17.6,20.0,93.0,1014.0,0.7,0.0
神戸市 須磨区,2025-06-12 01:00:00,59.0,普通,pm25,59.0,19.0,11.2,13.0,20.4,94.0,1011.2,0.6,1.0
神戸市 須磨区,2025-06-12 02:00:00,61.0,普通,pm25,61.0,22.0,6.4,14.9,20.7,92.3,1011.0,1.1,1.0
神戸市 須磨区,2025-06-12 03:00:00,61.0,普通,pm25,61.0,20.0,2.4,17.6,20.7,92.3,1011.0,0.9,1.0
神戸市 須磨区,2025-06-12 04:00:00,59.0,普通,pm25,59.0,20.0,0.8,17.6,20.0,96.9,1011.5,0.5,1.0
神戸市 須磨区,2025-06-12 05:00:00,61.0,普通,pm25,61.0,20.0,0.8,16.7,19.7,98.2,1011.7,0.2,1.0
神戸市 須磨区,2025-06-12 06:00:00,65.0,普通,pm25,65.0,22.0,2.4,15.8,19.7,98.2,1011.7,0.7,1.0
神戸市 須磨区,2025-06-12 07:00:00,68.0,普通,pm25,68.0,21.0,8.0,22.3,19.7,98.2,1011.7,0.7,1.0
神戸市 須磨区,2025-06-12 08:00:00,65.0,普通,pm25,65.0,22.0,8.0,26.9,22.1,82.1,1012.9,0.7,1.0
神戸市 須磨区,2025-06-12 09:00:00,55.0,普通,pm25,55.0,20.0,8.8,19.5,22.0,88.0,1016.0,0.6,0.0
神戸市 須磨区,2025-06-12 10:00:00,57.0,普通,pm25,57.0,22.0,12.1,20.4,23.9,69.1,1013.4,0.8,1.0
神戸市 須磨区,2025-06-12 11:00:00,61.0,普通,pm25,61.0,20.0,18.4,21.3,23.3,71.2,1013.8,0.8,1.0
神戸市 須磨区,2025-06-12 12:00:00,59.0,普通,pm25,59.0,19.0,29.6,13.9,23.6,69.1,1013.8,1.0,1.0
神戸市 須磨区,2025-06-12 13:00:00,59.0,普通,pm25,59.0,20.0,28.1,12.1,24.5,68.0,1012.9,1.0,1.0
神戸市 須磨区,2025-06-12 14:00:00,61.0,普通,pm25,61.0,19.0,36.8,9.3,24.6,67.1,1012.4,1.2,1.0
神戸市 須磨区,2025-06-12 15:00:00,61.0,普通,pm25,61.0,22.0,45.6,8.4,22.5,85.5,1015.5,1.4,0.0
神戸市 須磨区,2025-06-12 16:00:00,65.0,普通,pm25,65.0,21.0,40.0,12.1,23.0,83.0,1015.0,2.4,0.0
神戸市 須磨区,2025-06-12 17:00:00,70.0,普通,pm25,70.0,21.0,41.6,13.0,23.0,83.0,1015.0,2.1,0.0
神戸市 須磨区,2025-06-12 18:00:00,63.0,普通,pm25,63.0,20.0,44.0,12.1,22.0,88.0,1016.0,2.0,0.0
神戸市 須磨区,2025-06-12 19:00:00,63.0,普通,pm25,63.0,22.0,40.8,13.9,24.2,71.9,1012.8,1.9,99.0
神戸市 須磨区,2025-06-12 20:00:00,68.0,普通,pm25,68.0,24.0,37.6,16.7,21.5,88.0,1016.0,1.6,0.0
神戸市 須磨区,2025-06-12 21:00:00,68.0,普通,pm25,68.0,27.0,39.2,13.9,22.0,83.0,1016.5,0.3,0.0
神戸市 須磨区,2025-06-12 22:00:00,63.0,普通,pm25,63.0,22.0,34.4,13.0,23.0,63.9,1013.8,1.6,99.0
神戸市 須磨区,2025-06-12 23:00:00,63.0,普通,pm25,63.0,22.0,28.9,13.0,22.9,63.9,1014.0,1.2,99.0
神戸市 須磨区,2025-06-13 01:00:00,46.0,良好,pm25,46.0,14.0,20.0,10.2,22.3,64.2,1014.2,0.4,99.0
神戸市 須磨区,2025-06-13 02:00:00,55.0,普通,pm25,55.0,18.0,12.8,18.6,22.3,64.2,1014.2,0.9,99.0
神戸市 須磨区,2025-06-13 03:00:00,55.0,普通,pm25,55.0,19.0,8.8,19.5,21.0,82.0,1016.0,0.6,0.0
神戸市 須磨区,2025-06-13 04:00:00,59.0,普通,pm25,59.0,19.0,6.4,20.4,21.0,88.0,1016.0,0.7,0.0
神戸市 須磨区,2025-06-13 05:00:00,55.0,普通,pm25,55.0,17.0,4.0,23.2,20.0,88.0,1016.0,0.4,0.0
神戸市 須磨区,2025-06-13 06:00:00,42.0,良好,pm25,42.0,16.0,4.8,25.1,20.0,93.0,1017.0,0.8,0.0
神戸市 須磨区,2025-06-13 07:00:00,42.0,良好,pm25,42.0,14.0,17.6,17.6,22.0,58.2,1013.9,0.5,99.0
神戸市 須磨区,2025-06-13 08:00:00,42.0,良好,pm25,42.0,14.0,19.2,21.3,22.0,58.2,1013.9,1.4,99.0
神戸市 須磨区,2025-06-13 09:00:00,38.0,良好,pm25,38.0,14.0,12.8,30.6,22.0,58.2,1013.9,1.4,99.0
神戸市 須磨区,2025-06-13 10:00:00,46.0,良好,pm25,46.0,13.0,25.6,18.6,24.3,58.0,1014.2,1.7,99.0
神戸市 須磨区,2025-06-13 11:00:00,53.0,普通,pm25,53.0,16.0,30.4,18.6,24.8,54.1,1014.1,1.7,99.0
神戸市 須磨区,2025-06-13 12:00:00,50.0,良好,pm25,50.0,14.0,40.8,14.9,24.8,54.1,1014.1,1.9,99.0
神戸市 須磨区,2025-06-13 13:00:00,50.0,良好,pm25,50.0,14.0,52.0,13.0,26.4,45.0,1012.9,1.8,99.0
神戸市 須磨区,2025-06-13 14:00:00,46.0,良好,pm25,46.0,13.0,60.9,9.3,23.5,80.5,1015.0,1.5,0.0
神戸市 須磨区,2025-06-13 15:00:00,50.0,良好,pm25,50.0,14.0,63.5,9.3,24.0,78.0,1015.0,1.9,0.0
神戸市 須磨区,2025-06-13 16:00:00,74.0,普通,pm25,74.0,20.0,69.9,13.0,24.0,78.0,1014.0,1.9,0.0
神戸市 須磨区,2025-06-13 17:00:00,65.0,普通,pm25,65.0,20.0,41.6,10.2,22.5,88.5,1014.0,1.8,0.0
神戸市 須磨区,2025-06-13 18:00:00,50.0,良好,pm25,50.0,14.0,35.2,7.5,22.0,94.0,1014.5,2.4,0.0
神戸市 須磨区,2025-06-13 19:00:00,53.0,普通,pm25,53.0,14.0,35.2,7.5,22.0,94.0,1015.0,0.8,0.0
神戸市 須磨区,2025-06-13 20:00:00,50.0,良好,pm25,50.0,16.0,39.2,4.7,22.5,91.0,1015.0,1.6,0.0
神戸市 須磨区,2025-06-13 21:00:00,46.0,良好,pm25,46.0,13.0,36.8,2.8,22.0,94.0,1015.5,3.1,0.0
神戸市 須磨区,2025-06-13 22:00:00,53.0,普通,pm25,53.0,17.0,39.2,7.5,22.0,91.0,1015.5,0.9,0.0
神戸市 須磨区,2025-06-13 23:00:00,50.0,良好,pm25,50.0,15.0,41.6,4.7,22.0,94.0,1015.5,1.2,0.0
神戸市 須磨区,2025-06-14 01:00:00,42.0,良好,pm25,42.0,14.0,38.4,3.8,22.0,94.0,1014.0,2.2,0.0
神戸市 須磨区,2025-06-14 02:00:00,38.0,良好,pm25,38.0,14.0,38.4,3.8,22.0,88.0,1014.0,2.1,0.0
神戸市 須磨区,2025-06-14 03:00:00,42.0,良好,pm25,42.0,13.0,34.4,7.5,22.7,82.2,1011.4,1.7,99.0
神戸市 須磨区,2025-06-14 04:00:00,46.0,良好,pm25,46.0,13.0,28.9,12.1,22.1,86.3,1010.4,1.4,99.0
神戸市 須磨区,2025-06-14 05:00:00,42.0,良好,pm25,42.0,16.0,30.4,9.3,22.2,86.3,1010.0,1.1,99.0
神戸市 須磨区,2025-06-14 06:00:00,50.0,良好,pm25,50.0,14.0,25.6,11.2,22.2,86.3,1010.0,1.2,99.0
神戸市 須磨区,2025-06-14 07:00:00,46.0,良好,pm25,46.0,13.0,26.4,11.2,21.0,97.0,1012.0,2.3,0.0
神戸市 須磨区,2025-06-14 08:00:00,57.0,普通,pm25,57.0,16.0,28.1,9.3,21.0,100.0,1012.0,2.6,0.0
神戸市 須磨区,2025-06-14 09:00:00,50.0,良好,pm25,50.0,13.0,26.4,8.4,21.0,94.0,1011.0,1.8,0.0
神戸市 須磨区,2025-06-14 10:00:00,46.0,良好,pm25,46.0,13.0,24.8,11.2,21.0,97.0,1011.0,3.2,0.0
神戸市 須磨区,2025-06-14 11:00:00,46.0,良好,pm25,46.0,12.0,25.6,9.3,22.0,94.0,1010.0,4.0,0.0
神戸市 須磨区,2025-06-14 12:00:00,50.0,良好,pm25,50.0,14.0,26.4,9.3,23.0,94.0,1009.0,4.3,0.0
神戸市 須磨区,2025-06-14 13:00:00,50.0,良好,pm25,50.0,14.0,24.8,8.4,23.2,97.0,1008.0,4.8,0.0
神戸市 須磨区,2025-06-14 14:00:00,42.0,良好,pm25,42.0,12.0,22.4,10.2,24.5,97.0,1007.0,3.0,0.0
神戸市 須磨区,2025-06-14 15:00:00,38.0,良好,pm25,38.0,12.0,19.2,13.0,25.0,94.0,1006.3,2.6,0.0
神戸市 須磨区,2025-06-14 16:00:00,42.0,良好,pm25,42.0,11.0,16.0,13.9,25.5,91.0,1005.0,2.6,0.0
神戸市 須磨区,2025-06-14 17:00:00,34.0,良好,pm25,34.0,12.0,10.4,13.9,25.0,94.0,1004.0,2.1,0.0
神戸市 須磨区,2025-06-14 18:00:00,34.0,良好,pm25,34.0,20.0,8.0,4.7,25.5,91.0,1004.0,2.5,0.0
神戸市 須磨区,2025-06-14 19:00:00,50.0,良好,pm25,50.0,20.0,7.3,3.8,25.0,94.0,1004.0,2.6,0.0
神戸市 須磨区,2025-06-14 20:00:00,50.0,良好,pm25,50.0,21.0,7.3,2.8,25.0,94.0,1003.5,3.8,0.0
神戸市 須磨区,2025-06-14 21:00:00,55.0,普通,pm25,55.0,25.0,7.3,2.8,25.0,92.0,1003.6,3.2,0.0
神戸市 須磨区,2025-06-14 22:00:00,68.0,普通,pm25,68.0,38.0,8.0,3.8,25.0,94.0,1003.0,5.1,0.0
神戸市 須磨区,2025-06-14 23:00:00,46.0,良好,pm25,46.0,25.0,8.8,1.9,25.0,92.0,1001.3,0.6,0.0
神戸市 須磨区,2025-06-15 01:00:00,61.0,普通,pm25,61.0,32.0,12.8,1.0,25.0,94.0,1001.0,3.7,0.0
神戸市 須磨区,2025-06-15 02:00:00,61.0,普通,pm25,61.0,28.0,12.8,1.9,24.5,97.0,1000.0,1.9,0.0
神戸市 須磨区,2025-06-15 03:00:00,50.0,良好,pm25,50.0,22.0,12.1,1.0,25.0,94.0,999.0,2.2,0.0
神戸市 須磨区,2025-06-15 04:00:00,61.0,普通,pm25,61.0,29.0,13.6,1.9,24.0,95.5,1000.0,1.4,0.0
神戸市 須磨区,2025-06-15 05:00:00,50.0,良好,pm25,50.0,20.0,12.1,1.9,24.0,98.0,1000.6,1.3,0.0
神戸市 須磨区,2025-06-15 06:00:00,21.0,良好,pm25,21.0,8.0,10.4,2.8,23.5,100.0,1001.0,3.2,0.0
神戸市 須磨区,2025-06-15 07:00:00,17.0,良好,pm25,17.0,8.0,6.4,8.4,24.0,100.0,1001.0,2.6,0.0
神戸市 須磨区,2025-06-15 08:00:00,34.0,良好,pm25,34.0,11.0,3.2,12.1,24.7,90.8,998.2,1.5,0.6
神戸市 須磨区,2025-06-15 09:00:00,21.0,良好,pm25,21.0,10.0,9.6,6.5,25.0,91.0,1002.0,2.6,0.0
神戸市 須磨区,2025-06-15 10:00:00,17.0,良好,pm25,17.0,10.0,20.0,4.7,25.5,88.0,1002.0,3.9,0.0
神戸市 須磨区,2025-06-15 11:00:00,25.0,良好,pm25,25.0,8.0,28.1,2.8,26.9,76.9,998.3,5.7,0.6
神戸市 須磨区,2025-06-15 12:00:00,30.0,良好,pm25,30.0,8.0,30.4,2.8,27.5,74.2,998.3,4.6,0.6
神戸市 須磨区,2025-06-15 13:00:00,34.0,良好,pm25,34.0,11.0,35.2,2.8,27.8,72.0,998.3,5.0,0.6
神戸市 須磨区,2025-06-15 14:00:00,46.0,良好,pm25,46.0,13.0,38.4,1.9,29.0,68.8,998.1,4.3,0.6
神戸市 須磨区,2025-06-15 15:00:00,30.0,良好,pm25,30.0,11.0,39.2,1.9,29.0,68.8,998.1,2.7,0.6
神戸市 須磨区,2025-06-15 16:00:00,25.0,良好,pm25,25.0,10.0,36.1,1.0,29.6,64.1,998.5,3.9,0.6
神戸市 須磨区,2025-06-15 17:00:00,25.0,良好,pm25,25.0,5.0,33.6,1.9,28.9,63.2,998.8,4.1,0.6
神戸市 須磨区,2025-06-15 18:00:00,30.0,良好,pm25,30.0,8.0,34.4,1.9,28.5,63.1,998.9,3.1,0.6
神戸市 須磨区,2025-06-15 19:00:00,30.0,良好,pm25,30.0,5.0,32.0,4.7,28.8,63.2,999.4,2.4,0.6
神戸市 須磨区,2025-06-15 20:00:00,34.0,良好,pm25,34.0,9.0,29.6,7.5,27.0,71.9,999.7,0.7,0.6
神戸市 須磨区,2025-06-15 21:00:00,30.0,良好,pm25,30.0,10.0,25.6,13.0,26.0,83.0,1003.5,0.6,0.0
神戸市 須磨区,2025-06-15 22:00:00,42.0,良好,pm25,42.0,10.0,12.1,27.8,24.0,88.0,1004.0,0.8,0.0
神戸市 須磨区,2025-06-15 23:00:00,30.0,良好,pm25,30.0,10.0,12.1,20.4,22.5,94.0,1003.0,1.0,0.0
神戸市 須磨区,2025-06-16 01:00:00,42.0,良好,pm25,42.0,13.0,10.4,11.2,25.1,84.0,1000.5,0.5,0.6
神戸市 須磨区,2025-06-16 02:00:00,38.0,良好,pm25,38.0,12.0,8.8,18.6,25.0,86.0,1000.5,0.2,0.6
神戸市 須磨区,2025-06-16 03:00:00,38.0,良好,pm25,38.0,11.0,6.4,17.6,25.0,88.1,1000.5,0.4,99.0
神戸市 須磨区,2025-06-16 04:00:00,38.0,良好,pm25,38.0,13.0,12.8,10.2,24.7,87.1,1000.5,0.9,99.0
神戸市 須磨区,2025-06-16 05:00:00,42.0,良好,pm25,42.0,15.0,5.6,20.4,24.5,89.2,1001.0,0.6,99.0
神戸市 須磨区,2025-06-16 06:00:00,38.0,良好,pm25,38.0,16.0,2.4,27.8,24.4,90.8,1001.1,0.5,99.0
神戸市 須磨区,2025-06-16 07:00:00,17.0,良好,pm25,17.0,14.0,12.8,23.2,25.8,87.2,1001.2,1.0,99.0
神戸市 須磨区,2025-06-16 08:00:00,34.0,良好,pm25,34.0,14.0,16.0,17.6,25.8,87.2,1001.2,1.7,99.0
神戸市 須磨区,2025-06-16 09:00:00,53.0,普通,pm25,53.0,13.0,16.8,14.9,27.6,74.2,1001.3,0.9,99.5
神戸市 須磨区,2025-06-16 10:00:00,50.0,良好,pm25,50.0,16.0,12.8,14.9,28.4,73.9,1001.2,1.6,99.5
神戸市 須磨区,2025-06-16 11:00:00,42.0,良好,pm25,42.0,17.0,11.2,10.2,28.7,73.1,1001.6,1.0,99.5
神戸市 須磨区,2025-06-16 12:00:00,53.0,普通,pm25,53.0,22.0,15.2,7.5,28.3,73.9,1001.6,2.4,99.5
神戸市 須磨区,2025-06-16 13:00:00,55.0,普通,pm25,55.0,25.0,20.8,4.7,29.6,71.9,1001.2,2.5,99.5
神戸市 須磨区,2025-06-16 14:00:00,65.0,普通,pm25,65.0,29.0,21.6,3.8,30.0,69.9,1001.2,3.1,99.5
神戸市 須磨区,2025-06-16 15:00:00,61.0,普通,pm25,61.0,30.0,20.0,3.8,30.0,69.9,1001.2,2.2,99.5
神戸市 須磨区,2025-06-16 16:00:00,65.0,普通,pm25,65.0,27.0,19.2,3.8,29.0,74.0,1000.7,2.0,99.5
神戸市 須磨区,2025-06-16 17:00:00,65.0,普通,pm25,65.0,28.0,18.4,3.8,28.7,74.9,1000.3,2.0,99.5
神戸市 須磨区,2025-06-16 18:00:00,65.0,普通,pm25,65.0,31.0,16.0,5.6,28.3,74.8,1000.2,3.1,99.5
神戸市 須磨区,2025-06-16 19:00:00,68.0,普通,pm25,68.0,34.0,16.0,3.8,27.0,83.2,1000.9,1.4,99.5
神戸市 須磨区,2025-06-16 20:00:00,65.0,普通,pm25,65.0,33.0,12.8,5.6,26.0,88.2,1001.5,3.4,99.5
神戸市 須磨区,2025-06-16 21:00:00,65.0,普通,pm25,65.0,36.0,7.3,9.3,25.7,89.8,1002.6,3.0,99.0
神戸市 須磨区,2025-06-16 22:00:00,68.0,普通,pm25,68.0,35.0,4.8,10.2,25.6,89.3,1002.8,2.2,99.0
神戸市 須磨区,2025-06-16 23:00:00,59.0,普通,pm25,59.0,32.0,4.8,8.4,25.5,89.3,1003.1,2.0,99.0
神戸市 須磨区,2025-06-17 01:00:00,63.0,普通,pm25,63.0,38.0,4.8,7.5,25.2,92.0,1003.1,1.8,99.0
神戸市 須磨区,2025-06-17 02:00:00,57.0,普通,pm25,57.0,29.0,4.8,7.5,25.6,89.8,1003.4,1.2,99.0
神戸市 須磨区,2025-06-17 03:00:00,61.0,普通,pm25,61.0,27.0,1.6,13.0,25.6,89.8,1003.4,0.3,99.0
神戸市 須磨区,2025-06-17 04:00:00,57.0,普通,pm25,57.0,25.0,3.2,12.1,25.8,85.1,1004.4,0.8,99.0
神戸市 須磨区,2025-06-17 05:00:00,55.0,普通,pm25,55.0,24.0,0.8,17.6,25.6,84.0,1004.6,0.7,99.0
神戸市 須磨区,2025-06-17 06:00:00,50.0,良好,pm25,50.0,19.0,4.0,19.5,26.2,79.1,1004.9,0.4,99.0
神戸市 須磨区,2025-06-17 07:00:00,50.0,良好,pm25,50.0,19.0,1.6,23.2,26.6,75.9,1005.3,0.9,99.0
神戸市 須磨区,2025-06-17 08:00:00,50.0,良好,pm25,50.0,15.0,4.0,23.2,26.7,76.8,1006.1,1.1,99.0
神戸市 須磨区,2025-06-17 09:00:00,30.0,良好,pm25,30.0,10.0,18.4,13.0,26.7,76.8,1006.1,3.1,99.0
神戸市 須磨区,2025-06-17 10:00:00,13.0,良好,pm25,13.0,11.0,23.3,13.0,26.7,76.8,1006.1,1.4,99.0
神戸市 須磨区,2025-06-17 11:00:00,38.0,良好,pm25,38.0,10.0,28.1,16.7,26.7,76.8,1006.1,2.1,99.0
神戸市 須磨区,2025-06-17 12:00:00,34.0,良好,pm25,34.0,11.0,35.2,13.9,24.0,94.0,1009.0,2.7,0.0
神戸市 須磨区,2025-06-17 13:00:00,42.0,良好,pm25,42.0,14.0,34.4,15.8,25.0,88.0,1008.0,2.3,0.0
神戸市 須磨区,2025-06-17 14:00:00,38.0,良好,pm25,38.0,11.0,32.0,12.1,31.1,62.1,1004.6,2.2,99.5
神戸市 須磨区,2025-06-17 15:00:00,34.0,良好,pm25,34.0,10.0,34.4,3.8,31.1,62.1,1004.6,2.7,99.5
神戸市 須磨区,2025-06-17 16:00:00,34.0,良好,pm25,34.0,9.0,31.2,7.5,29.9,61.9,1004.4,2.7,99.5
神戸市 須磨区,2025-06-17 17:00:00,50.0,良好,pm25,50.0,15.0,41.6,8.4,29.3,66.8,1004.8,1.8,99.5
神戸市 須磨区,2025-06-17 18:00:00,53.0,普通,pm25,53.0,17.0,31.2,8.4,28.4,73.0,1005.5,2.0,99.5
神戸市 須磨区,2025-06-17 19:00:00,55.0,普通,pm25,55.0,20.0,23.3,7.5,27.3,80.3,1006.1,1.9,99.5
神戸市 須磨区,2025-06-17 20:00:00,57.0,普通,pm25,57.0,22.0,20.8,11.2,27.2,82.2,1006.6,1.5,99.5
神戸市 須磨区,2025-06-17 21:00:00,55.0,普通,pm25,55.0,21.0,24.1,5.6,27.2,82.2,1007.3,2.1,99.5
神戸市 須磨区,2025-06-17 22:00:00,53.0,普通,pm25,53.0,23.0,24.8,3.8,27.2,82.2,1007.7,1.1,99.5
神戸市 須磨区,2025-06-17 23:00:00,53.0,普通,pm25,53.0,20.0,26.4,2.8,27.3,80.3,1007.7,1.4,99.5
神戸市 須磨区,2025-06-18 01:00:00,50.0,良好,pm25,50.0,18.0,24.1,3.8,26.9,77.8,1007.7,1.1,99.5
神戸市 須磨区,2025-06-18 02:00:00,53.0,普通,pm25,53.0,16.0,21.6,5.6,26.6,79.2,1007.7,1.2,99.5
神戸市 須磨区,2025-06-18 03:00:00,50.0,良好,pm25,50.0,17.0,14.5,9.3,26.6,79.2,1007.7,0.5,99.5
神戸市 須磨区,2025-06-18 04:00:00,50.0,良好,pm25,50.0,16.0,9.6,12.1,25.7,81.0,1008.2,1.5,99.5
神戸市 須磨区,2025-06-18 05:00:00,46.0,良好,pm25,46.0,20.0,4.8,18.6,24.8,90.8,1008.5,1.0,99.5
神戸市 須磨区,2025-06-18 06:00:00,42.0,良好,pm25,42.0,19.0,7.3,14.9,24.8,90.8,1008.5,0.8,99.5
神戸市 須磨区,2025-06-18 07:00:00,53.0,普通,pm25,53.0,19.0,7.3,17.6,25.7,88.2,1009.3,1.0,99.5
神戸市 須磨区,2025-06-18 08:00:00,57.0,普通,pm25,57.0,22.0,10.4,17.6,25.7,88.2,1009.3,0.7,99.5
神戸市 須磨区,2025-06-18 09:00:00,59.0,普通,pm25,59.0,24.0,11.2,17.6,27.0,80.2,1009.7,1.5,99.5
神戸市 須磨区,2025-06-18 10:00:00,57.0,普通,pm25,57.0,26.0,20.0,12.1,28.1,75.2,1009.4,1.2,99.5
神戸市 須磨区,2025-06-18 11:00:00,61.0,普通,pm25,61.0,28.0,31.2,9.3,29.0,71.0,1009.1,1.3,99.5
神戸市 須磨区,2025-06-18 12:00:00,57.0,普通,pm25,57.0,22.0,34.4,4.7,29.8,61.1,1009.1,1.4,99.5
神戸市 須磨区,2025-06-18 13:00:00,59.0,普通,pm25,59.0,23.0,35.2,10.2,31.9,52.9,1008.5,1.8,99.5
神戸市 須磨区,2025-06-18 14:00:00,61.0,普通,pm25,61.0,24.0,49.6,5.6,32.7,46.9,1008.4,2.8,99.5
神戸市 須磨区,2025-06-18 15:00:00,68.0,普通,pm25,68.0,24.0,52.0,4.7,32.7,46.9,1008.4,2.3,99.5
神戸市 須磨区,2025-06-18 16:00:00,65.0,普通,pm25,65.0,20.0,45.6,6.5,32.2,48.0,1008.4,2.2,99.5
神戸市 須磨区,2025-06-18 17:00:00,55.0,普通,pm25,55.0,18.0,47.2,5.6,32.0,45.0,1008.4,1.8,99.5
神戸市 須磨区,2025-06-18 18:00:00,70.0,普通,pm25,70.0,26.0,42.4,17.6,31.5,44.1,1008.5,2.1,99.5
神戸市 須磨区,2025-06-18 19:00:00,74.0,普通,pm25,74.0,28.0,15.2,42.6,28.5,69.2,1008.8,1.3,99.5
神戸市 須磨区,2025-06-18 20:00:00,68.0,普通,pm25,68.0,24.0,25.6,24.1,28.0,69.9,1009.2,1.1,99.5
神戸市 須磨区,2025-06-18 21:00:00,59.0,普通,pm25,59.0,24.0,29.6,15.8,27.4,72.9,1009.9,1.1,99.5
神戸市 須磨区,2025-06-18 22:00:00,63.0,普通,pm25,63.0,26.0,20.8,26.0,27.4,72.0,1010.3,0.7,99.5
神戸市 須磨区,2025-06-18 23:00:00,63.0,普通,pm25,63.0,25.0,16.8,24.1,27.7,62.2,1010.4,0.3,99.5
神戸市 須磨区,2025-06-19 01:00:00,61.0,普通,pm25,61.0,25.0,16.8,22.3,26.1,74.9,1010.0,0.6,99.5
神戸市 須磨区,2025-06-19 02:00:00,65.0,普通,pm25,65.0,21.0,23.3,13.0,26.0,78.2,1010.1,0.6,99.5
神戸市 須磨区,2025-06-19 03:00:00,59.0,普通,pm25,59.0,21.0,24.1,12.1,24.9,87.1,1010.1,0.8,99.5
神戸市 須磨区,2025-06-19 04:00:00,70.0,普通,pm25,70.0,28.0,16.8,19.5,24.7,83.9,1010.5,0.6,99.5
神戸市 須磨区,2025-06-19 05:00:00,74.0,普通,pm25,74.0,30.0,11.2,26.9,25.7,69.9,1011.1,1.1,99.5
神戸市 須磨区,2025-06-19 06:00:00,72.0,普通,pm25,72.0,30.0,4.8,35.2,26.0,72.2,1011.7,0.7,99.5
神戸市 須磨区,2025-06-19 07:00:00,72.0,普通,pm25,72.0,31.0,5.6,39.9,26.0,75.8,1012.1,0.8,99.5
神戸市 須磨区,2025-06-19 08:00:00,68.0,普通,pm25,68.0,31.0,17.6,28.8,26.9,73.2,1012.2,1.4,99.5
神戸市 須磨区,2025-06-19 09:00:00,70.0,普通,pm25,70.0,26.0,20.8,19.5,27.0,80.2,1012.0,1.8,99.5
神戸市 須磨区,2025-06-19 10:00:00,78.0,普通,pm25,78.0,29.0,18.4,26.9,28.3,63.8,1012.0,1.9,99.5
神戸市 須磨区,2025-06-19 11:00:00,68.0,普通,pm25,68.0,29.0,33.6,18.6,29.1,64.0,1011.7,2.4,99.5
神戸市 須磨区,2025-06-19 12:00:00,78.0,普通,pm25,78.0,31.0,58.4,10.2,29.9,61.1,1011.3,2.9,99.5
神戸市 須磨区,2025-06-19 13:00:00,76.0,普通,pm25,76.0,29.0,63.5,7.5,30.2,57.9,1010.8,2.5,99.5
神戸市 須磨区,2025-06-19 14:00:00,72.0,普通,pm25,72.0,25.0,55.8,4.7,31.1,50.1,1010.3,3.2,99.5
神戸市 須磨区,2025-06-19 15:00:00,42.0,良好,pm25,42.0,15.0,55.8,2.8,31.6,40.1,1010.0,2.6,99.5
神戸市 須磨区,2025-06-19 16:00:00,59.0,普通,pm25,59.0,17.0,59.7,4.7,31.8,39.1,1009.7,2.8,99.5
神戸市 須磨区,2025-06-19 17:00:00,68.0,普通,pm25,68.0,23.0,73.8,6.5,30.7,47.0,1009.5,2.4,99.5
神戸市 須磨区,2025-06-19 18:00:00,57.0,普通,pm25,57.0,18.0,62.2,6.5,31.0,45.1,1009.6,1.6,99.5
神戸市 須磨区,2025-06-19 19:00:00,57.0,普通,pm25,57.0,21.0,63.5,7.5,30.6,47.0,1009.9,2.4,99.5
神戸市 須磨区,2025-06-19 20:00:00,63.0,普通,pm25,63.0,22.0,60.9,9.3,30.2,49.0,1010.3,1.6,99.5
神戸市 須磨区,2025-06-19 21:00:00,68.0,普通,pm25,68.0,22.0,59.7,13.0,29.3,52.9,1010.8,0.8,99.5
神戸市 須磨区,2025-06-19 22:00:00,70.0,普通,pm25,70.0,25.0,44.8,16.7,27.7,64.1,1011.4,1.1,99.5
神戸市 須磨区,2025-06-19 23:00:00,72.0,普通,pm25,72.0,24.0,32.0,21.3,28.1,57.1,1011.2,1.0,99.5
神戸市 須磨区,2025-06-20 01:00:00,70.0,普通,pm25,70.0,23.0,11.2,41.7,25.7,66.1,1011.1,0.4,99.5
神戸市 須磨区,2025-06-20 02:00:00,72.0,普通,pm25,72.0,27.0,14.5,27.8,25.7,66.1,1011.1,0.5,99.5
神戸市 須磨区,2025-06-20 03:00:00,72.0,普通,pm25,72.0,28.0,11.2,26.9,25.7,66.1,1011.1,0.7,99.5
神戸市 須磨区,2025-06-20 04:00:00,74.0,普通,pm25,74.0,27.0,6.4,32.5,25.0,67.2,1011.1,0.8,99.5
神戸市 須磨区,2025-06-20 05:00:00,72.0,普通,pm25,72.0,25.0,1.6,38.9,25.0,76.1,1011.3,0.7,99.5
神戸市 須磨区,2025-06-20 06:00:00,70.0,普通,pm25,70.0,26.0,2.4,40.8,25.9,62.1,1011.4,0.9,99.5
神戸市 須磨区,2025-06-20 07:00:00,65.0,普通,pm25,65.0,27.0,10.4,34.3,27.1,59.0,1011.6,0.3,99.5
神戸市 須磨区,2025-06-20 08:00:00,65.0,普通,pm25,65.0,26.0,10.4,33.4,27.9,58.1,1011.6,0.9,99.5
神戸市 須磨区,2025-06-20 09:00:00,70.0,普通,pm25,70.0,25.0,20.8,27.8,28.4,58.9,1011.1,1.1,99.5
神戸市 須磨区,2025-06-20 10:00:00,76.0,普通,pm25,76.0,30.0,17.6,40.8,29.2,57.0,1010.9,1.7,99.5
神戸市 須磨区,2025-06-20 11:00:00,76.0,普通,pm25,76.0,31.0,32.0,36.2,29.5,51.0,1010.5,1.3,99.5
神戸市 須磨区,2025-06-20 12:00:00,78.0,普通,pm25,78.0,32.0,66.1,24.1,29.5,52.0,1010.2,1.5,99.5
神戸市 須磨区,2025-06-20 13:00:00,78.0,普通,pm25,78.0,27.0,52.0,11.2,28.9,60.9,1009.9,1.5,99.5
神戸市 須磨区,2025-06-20 14:00:00,80.0,普通,pm25,80.0,28.0,46.5,7.5,28.9,63.2,1009.7,2.0,99.5
神戸市 須磨区,2025-06-20 15:00:00,74.0,普通,pm25,74.0,27.0,44.8,4.7,27.8,72.9,1009.6,2.0,99.5
神戸市 須磨区,2025-06-20 16:00:00,70.0,普通,pm25,70.0,28.0,44.8,6.5,27.4,72.0,1009.6,2.2,99.5
神戸市 須磨区,2025-06-20 17:00:00,68.0,普通,pm25,68.0,29.0,42.4,7.5,27.0,71.0,1009.6,2.9,99.5
神戸市 須磨区,2025-06-20 18:00:00,63.0,普通,pm25,63.0,25.0,41.6,5.6,27.3,68.9,1009.8,2.9,99.5
神戸市 須磨区,2025-06-20 19:00:00,61.0,普通,pm25,61.0,24.0,35.2,8.4,27.1,71.0,1010.2,1.3,99.5
神戸市 須磨区,2025-06-20 20:00:00,63.0,普通,pm25,63.0,26.0,33.6,11.2,26.9,71.0,1010.6,1.0,99.5
神戸市 須磨区,2025-06-20 21:00:00,59.0,普通,pm25,59.0,22.0,29.6,12.1,26.6,71.8,1010.7,0.9,99.5
神戸市 須磨区,2025-06-20 22:00:00,53.0,普通,pm25,53.0,18.0,29.6,8.4,26.1,74.9,1010.7,1.6,99.5
神戸市 須磨区,2025-06-20 23:00:00,53.0,普通,pm25,53.0,17.0,32.0,3.8,26.0,77.2,1010.9,0.7,99.5
神戸市 須磨区,2025-06-21 01:00:00,53.0,普通,pm25,53.0,17.0,32.8,2.8,26.3,70.9,1010.4,0.8,99.5
神戸市 須磨区,2025-06-21 02:00:00,57.0,普通,pm25,57.0,19.0,27.2,8.4,26.4,72.2,1010.2,1.7,99.5
神戸市 須磨区,2025-06-21 03:00:00,57.0,普通,pm25,57.0,18.0,32.0,5.6,26.2,73.1,1009.7,0.3,99.5
神戸市 須磨区,2025-06-21 04:00:00,57.0,普通,pm25,57.0,18.0,31.2,5.6,26.2,73.1,1009.7,0.4,99.5
神戸市 須磨区,2025-06-21 05:00:00,59.0,普通,pm25,59.0,19.0,30.4,6.5,26.2,73.1,1009.7,0.7,99.5
神戸市 須磨区,2025-06-21 06:00:00,55.0,普通,pm25,55.0,19.0,30.4,6.5,26.4,73.1,1009.7,0.9,99.5
神戸市 須磨区,2025-06-21 07:00:00,53.0,普通,pm25,53.0,20.0,28.1,8.4,26.2,72.2,1010.0,1.8,99.5
神戸市 須磨区,2025-06-21 08:00:00,55.0,普通,pm25,55.0,20.0,26.4,11.2,27.1,68.9,1010.0,1.4,99.5
神戸市 須磨区,2025-06-21 09:00:00,59.0,普通,pm25,59.0,24.0,29.6,10.2,27.3,70.2,1009.7,1.9,99.5
神戸市 須磨区,2025-06-21 10:00:00,59.0,普通,pm25,59.0,20.0,35.2,4.7,28.6,65.1,1009.2,1.9,99.5
神戸市 須磨区,2025-06-21 11:00:00,53.0,普通,pm25,53.0,15.0,29.6,3.8,27.9,69.9,1008.8,1.5,99.5
神戸市 須磨区,2025-06-21 12:00:00,46.0,良好,pm25,46.0,16.0,31.2,4.7,28.2,70.0,1008.2,2.3,99.5
神戸市 須磨区,2025-06-21 13:00:00,46.0,良好,pm25,46.0,16.0,28.1,6.5,28.1,69.9,1007.6,1.8,99.5
神戸市 須磨区,2025-06-21 14:00:00,55.0,普通,pm25,55.0,16.0,30.4,3.8,28.1,69.9,1007.4,2.4,99.5
神戸市 須磨区,2025-06-21 15:00:00,55.0,普通,pm25,55.0,16.0,29.6,3.8,28.1,71.2,1007.0,2.3,99.5
神戸市 須磨区,2025-06-21 16:00:00,46.0,良好,pm25,46.0,16.0,28.9,4.7,27.6,72.0,1006.6,2.0,99.5
神戸市 須磨区,2025-06-21 17:00:00,50.0,良好,pm25,50.0,17.0,22.4,7.5,27.2,74.2,1006.4,2.3,99.5
神戸市 須磨区,2025-06-21 18:00:00,42.0,良好,pm25,42.0,19.0,21.6,7.5,26.6,75.9,1006.7,1.5,99.5
神戸市 須磨区,2025-06-21 19:00:00,42.0,良好,pm25,42.0,17.0,18.4,9.3,26.4,76.8,1007.2,1.4,99.5
神戸市 須磨区,2025-06-21 20:00:00,50.0,良好,pm25,50.0,17.0,20.8,5.6,26.3,78.2,1007.4,1.3,99.5
神戸市 須磨区,2025-06-21 21:00:00,50.0,良好,pm25,50.0,19.0,19.2,5.6,26.1,79.1,1007.9,0.9,99.5
神戸市 須磨区,2025-06-21 22:00:00,46.0,良好,pm25,46.0,14.0,18.4,6.5,26.1,74.9,1007.9,0.8,99.5
神戸市 須磨区,2025-06-21 23:00:00,38.0,良好,pm25,38.0,16.0,21.6,2.8,26.0,77.2,1007.2,1.3,99.5
神戸市 須磨区,2025-06-22 01:00:00,46.0,良好,pm25,46.0,16.0,24.1,1.0,25.8,79.1,1006.7,0.6,99.5
神戸市 須磨区,2025-06-22 02:00:00,42.0,良好,pm25,42.0,17.0,22.4,1.0,26.0,79.1,1006.1,1.8,99.5
神戸市 須磨区,2025-06-22 03:00:00,50.0,良好,pm25,50.0,15.0,22.4,2.8,26.0,79.1,1005.9,1.0,99.5
神戸市 須磨区,2025-06-22 04:00:00,55.0,普通,pm25,55.0,20.0,20.0,3.8,26.0,79.1,1005.7,1.5,99.5
神戸市 須磨区,2025-06-22 05:00:00,57.0,普通,pm25,57.0,21.0,20.0,1.9,26.1,80.1,1005.7,1.6,99.5
神戸市 須磨区,2025-06-22 06:00:00,61.0,普通,pm25,61.0,22.0,16.8,3.8,26.2,80.1,1005.6,0.4,99.5
神戸市 須磨区,2025-06-22 07:00:00,61.0,普通,pm25,61.0,26.0,15.2,6.5,26.2,80.1,1005.6,0.5,99.5
神戸市 須磨区,2025-06-22 08:00:00,68.0,普通,pm25,68.0,26.0,12.1,9.3,27.1,75.1,1005.9,0.8,99.5
神戸市 須磨区,2025-06-22 09:00:00,61.0,普通,pm25,61.0,21.0,16.0,4.7,27.1,75.1,1005.9,0.7,99.5
神戸市 須磨区,2025-06-22 10:00:00,61.0,普通,pm25,61.0,25.0,20.8,2.8,28.2,77.1,1005.8,1.1,99.5
神戸市 須磨区,2025-06-22 11:00:00,59.0,普通,pm25,59.0,29.0,20.0,3.8,29.1,75.8,1005.5,1.7,99.5
神戸市 須磨区,2025-06-22 12:00:00,57.0,普通,pm25,57.0,23.0,22.4,2.8,29.2,74.1,1004.9,2.0,99.5
神戸市 須磨区,2025-06-22 13:00:00,57.0,普通,pm25,57.0,24.0,20.0,3.8,29.2,73.2,1004.8,2.0,99.5
神戸市 須磨区,2025-06-22 14:00:00,61.0,普通,pm25,61.0,22.0,16.0,4.7,29.5,71.9,1004.5,2.1,99.5
神戸市 須磨区,2025-06-22 15:00:00,57.0,普通,pm25,57.0,26.0,17.6,1.9,32.0,60.5,1006.0,1.7,0.0
神戸市 須磨区,2025-06-22 16:00:00,53.0,普通,pm25,53.0,20.0,18.4,1.9,29.5,70.2,1003.9,1.9,99.5
神戸市 須磨区,2025-06-22 17:00:00,46.0,良好,pm25,46.0,19.0,16.0,1.9,29.0,71.8,1003.8,1.9,99.5
神戸市 須磨区,2025-06-22 18:00:00,46.0,良好,pm25,46.0,16.0,14.5,1.9,28.6,74.9,1004.2,2.1,99.5
神戸市 須磨区,2025-06-22 19:00:00,42.0,良好,pm25,42.0,16.0,11.2,3.8,28.0,78.0,1007.0,2.4,0.0
神戸市 須磨区,2025-06-22 20:00:00,50.0,良好,pm25,50.0,19.0,10.4,4.7,28.0,78.0,1007.0,2.1,0.0
神戸市 須磨区,2025-06-22 21:00:00,53.0,普通,pm25,53.0,22.0,10.4,3.8,27.5,80.5,1007.0,1.9,0.0
神戸市 須磨区,2025-06-22 22:00:00,50.0,良好,pm25,50.0,22.0,8.0,5.6,26.8,87.2,1005.6,1.1,99.0
神戸市 須磨区,2025-06-22 23:00:00,50.0,良好,pm25,50.0,26.0,7.3,6.5,26.6,88.3,1005.4,0.2,99.0
神戸市 須磨区,2025-06-23 01:00:00,46.0,良好,pm25,46.0,21.0,8.0,4.7,26.3,88.3,1004.3,0.7,99.0
神戸市 須磨区,2025-06-23 02:00:00,46.0,良好,pm25,46.0,20.0,8.8,1.9,26.4,88.8,1003.8,0.9,99.0
神戸市 須磨区,2025-06-23 03:00:00,38.0,良好,pm25,38.0,19.0,9.6,1.9,26.7,87.2,1003.9,2.8,99.0
神戸市 須磨区,2025-06-23 04:00:00,42.0,良好,pm25,42.0,20.0,8.8,2.8,26.9,86.2,1004.2,1.5,99.0
神戸市 須磨区,2025-06-23 05:00:00,46.0,良好,pm25,46.0,19.0,5.6,6.5,26.4,88.3,1004.3,1.5,99.0
神戸市 須磨区,2025-06-23 06:00:00,42.0,良好,pm25,42.0,21.0,5.6,6.5,26.1,89.8,1004.6,1.1,99.0
神戸市 須磨区,2025-06-23 07:00:00,38.0,良好,pm25,38.0,22.0,4.8,7.5,26.3,89.9,1004.6,2.4,99.0
神戸市 須磨区,2025-06-23 08:00:00,53.0,普通,pm25,53.0,25.0,8.0,4.7,27.3,87.3,1005.2,1.7,99.0
神戸市 須磨区,2025-06-23 09:00:00,42.0,良好,pm25,42.0,20.0,10.4,5.6,24.8,88.1,1005.7,2.2,1.0
神戸市 須磨区,2025-06-23 10:00:00,13.0,良好,pm25,13.0,7.0,35.2,4.7,26.1,74.0,1006.4,5.1,1.0
神戸市 須磨区,2025-06-23 11:00:00,25.0,良好,pm25,25.0,8.0,32.0,5.6,26.9,77.8,1006.2,3.2,1.0
神戸市 須磨区,2025-06-23 12:00:00,21.0,良好,pm25,21.0,8.0,32.0,5.6,26.9,75.9,1006.1,1.1,1.0
神戸市 須磨区,2025-06-23 13:00:00,21.0,良好,pm25,21.0,8.0,30.4,5.6,27.6,74.2,1005.7,0.7,1.0
神戸市 須磨区,2025-06-23 14:00:00,25.0,良好,pm25,25.0,10.0,28.1,11.2,27.5,72.9,1005.6,1.1,1.0
神戸市 須磨区,2025-06-23 15:00:00,46.0,良好,pm25,46.0,11.0,26.4,13.0,27.5,72.9,1005.6,1.3,1.0
神戸市 須磨区,2025-06-23 16:00:00,34.0,良好,pm25,34.0,10.0,16.8,25.1,25.5,89.8,1005.7,1.6,1.0
神戸市 須磨区,2025-06-23 17:00:00,38.0,良好,pm25,38.0,13.0,17.6,25.1,25.7,88.2,1005.6,0.9,1.0
神戸市 須磨区,2025-06-23 18:00:00,42.0,良好,pm25,42.0,16.0,6.4,34.3,25.5,92.0,1005.5,1.0,1.0
神戸市 須磨区,2025-06-23 19:00:00,42.0,良好,pm25,42.0,16.0,7.3,32.5,25.6,93.1,1005.9,2.0,1.0
神戸市 須磨区,2025-06-23 20:00:00,30.0,良好,pm25,30.0,10.0,16.8,10.2,25.8,89.8,1006.1,1.8,1.0
神戸市 須磨区,2025-06-23 21:00:00,21.0,良好,pm25,21.0,9.0,9.6,14.9,26.5,84.1,1006.9,1.1,0.2
神戸市 須磨区,2025-06-23 22:00:00,21.0,良好,pm25,21.0,10.0,10.4,13.9,26.5,81.1,1006.8,1.8,0.2
神戸市 須磨区,2025-06-23 23:00:00,42.0,良好,pm25,42.0,11.0,10.4,11.2,26.3,87.2,1007.0,1.7,0.2
神戸市 須磨区,2025-06-24 01:00:00,42.0,良好,pm25,42.0,19.0,3.2,16.7,25.2,90.9,1007.1,2.3,0.2
神戸市 須磨区,2025-06-24 02:00:00,17.0,良好,pm25,17.0,8.0,14.5,1.9,24.7,93.1,1006.6,2.2,0.2
神戸市 須磨区,2025-06-24 03:00:00,25.0,良好,pm25,25.0,10.0,10.4,6.5,24.7,93.1,1006.6,1.3,0.2
神戸市 須磨区,2025-06-24 04:00:00,25.0,良好,pm25,25.0,9.0,9.6,7.5,24.1,98.8,1007.8,1.3,0.2
神戸市 須磨区,2025-06-24 05:00:00,13.0,良好,pm25,13.0,10.0,8.8,4.7,24.1,98.8,1007.8,2.5,0.2
神戸市 須磨区,2025-06-24 06:00:00,21.0,良好,pm25,21.0,8.0,7.3,7.5,23.0,94.0,1011.0,2.0,0.0
神戸市 須磨区,2025-06-24 07:00:00,13.0,良好,pm25,13.0,6.0,12.8,6.5,23.0,94.0,1012.0,1.6,0.0
神戸市 須磨区,2025-06-24 08:00:00,25.0,良好,pm25,25.0,8.0,8.8,11.2,23.5,97.0,1012.0,1.9,0.0
神戸市 須磨区,2025-06-24 09:00:00,25.0,良好,pm25,25.0,6.0,8.0,12.1,24.0,94.0,1012.0,1.7,0.0
神戸市 須磨区,2025-06-24 10:00:00,13.0,良好,pm25,13.0,8.0,11.2,7.5,24.0,94.0,1012.0,1.6,0.0
神戸市 須磨区,2025-06-24 11:00:00,21.0,良好,pm25,21.0,8.0,11.2,9.3,24.5,94.0,1012.0,1.4,0.0
神戸市 須磨区,2025-06-24 12:00:00,30.0,良好,pm25,30.0,10.0,11.2,11.2,25.0,91.0,1012.0,1.2,0.0
神戸市 須磨区,2025-06-24 13:00:00,25.0,良好,pm25,25.0,10.0,20.8,4.7,25.5,91.0,1012.0,1.1,0.0
神戸市 須磨区,2025-06-24 14:00:00,30.0,良好,pm25,30.0,10.0,24.1,5.6,25.0,91.0,1011.5,1.3,0.0
神戸市 須磨区,2025-06-24 15:00:00,30.0,良好,pm25,30.0,10.0,24.8,5.6,25.0,94.0,1011.0,1.0,0.0
神戸市 須磨区,2025-06-24 16:00:00,21.0,良好,pm25,21.0,7.0,21.6,7.5,25.0,88.0,1011.0,1.7,0.0
神戸市 須磨区,2025-06-24 17:00:00,38.0,良好,pm25,38.0,10.0,19.2,11.2,25.0,88.0,1011.0,0.5,0.0
神戸市 須磨区,2025-06-24 18:00:00,25.0,良好,pm25,25.0,10.0,15.2,15.8,25.0,88.0,1012.0,1.0,0.0
神戸市 須磨区,2025-06-24 19:00:00,21.0,良好,pm25,21.0,8.0,12.8,12.1,26.0,86.1,1009.1,0.7,99.0
神戸市 須磨区,2025-06-24 20:00:00,25.0,良好,pm25,25.0,10.0,15.2,6.5,25.0,94.0,1012.0,1.1,0.0
神戸市 須磨区,2025-06-24 21:00:00,30.0,良好,pm25,30.0,10.0,12.8,11.2,25.0,94.0,1013.0,1.6,0.0
神戸市 須磨区,2025-06-24 22:00:00,25.0,良好,pm25,25.0,8.0,8.0,13.9,24.5,97.0,1013.0,1.5,0.0
神戸市 須磨区,2025-06-24 23:00:00,21.0,良好,pm25,21.0,8.0,4.8,12.1,25.0,94.0,1012.5,1.8,0.0
神戸市 須磨区,2025-06-25 01:00:00,17.0,良好,pm25,17.0,9.0,2.4,13.0,25.0,94.0,1012.0,2.2,0.0
神戸市 須磨区,2025-06-25 02:00:00,25.0,良好,pm25,25.0,10.0,1.6,13.9,25.0,94.0,1012.0,2.0,0.0
神戸市 須磨区,2025-06-25 03:00:00,25.0,良好,pm25,25.0,6.0,2.4,12.1,25.0,94.0,1012.0,1.3,0.0
神戸市 須磨区,2025-06-25 04:00:00,25.0,良好,pm25,25.0,8.0,0.8,12.1,25.0,94.0,1012.0,1.4,0.0
神戸市 須磨区,2025-06-25 05:00:00,17.0,良好,pm25,17.0,7.0,1.6,9.3,24.0,94.0,1012.0,1.4,0.0
神戸市 須磨区,2025-06-25 06:00:00,21.0,良好,pm25,21.0,9.0,1.6,8.4,25.0,94.0,1012.0,1.5,0.0
神戸市 須磨区,2025-06-25 07:00:00,17.0,良好,pm25,17.0,8.0,2.4,7.5,26.5,83.1,1009.3,1.5,99.0
神戸市 須磨区,2025-06-25 08:00:00,13.0,良好,pm10,13.0,13.0,4.8,7.5,27.8,76.1,1009.3,2.0,99.0
神戸市 須磨区,2025-06-25 09:00:00,25.0,良好,pm25,25.0,9.0,7.3,9.3,24.5,97.0,1013.0,1.7,0.0
神戸市 須磨区,2025-06-25 10:00:00,30.0,良好,pm25,30.0,12.0,8.0,13.0,28.6,76.2,1009.6,2.1,99.0
神戸市 須磨区,2025-06-25 11:00:00,30.0,良好,pm25,30.0,13.0,10.4,13.0,30.0,67.0,1009.2,1.8,99.0
神戸市 須磨区,2025-06-25 12:00:00,30.0,良好,pm25,30.0,10.0,21.6,4.7,29.7,66.1,1009.0,1.7,99.0
神戸市 須磨区,2025-06-25 13:00:00,34.0,良好,pm25,34.0,12.0,27.2,5.6,30.3,63.9,1008.6,1.1,99.0
神戸市 須磨区,2025-06-25 14:00:00,34.0,良好,pm25,34.0,9.0,16.0,3.8,28.0,83.0,1011.0,1.5,0.0
神戸市 須磨区,2025-06-25 15:00:00,34.0,良好,pm25,34.0,10.0,15.2,5.6,28.5,81.0,1010.0,1.7,0.0
神戸市 須磨区,2025-06-25 16:00:00,30.0,良好,pm25,30.0,14.0,14.5,8.4,27.5,83.0,1010.0,1.0,0.0
神戸市 須磨区,2025-06-25 17:00:00,38.0,良好,pm25,38.0,12.0,13.6,9.3,27.0,88.0,1010.0,1.5,0.0
神戸市 須磨区,2025-06-25 18:00:00,25.0,良好,pm25,25.0,13.0,16.8,7.5,26.0,91.0,1010.0,0.9,0.0
神戸市 須磨区,2025-06-25 19:00:00,30.0,良好,pm25,30.0,10.0,18.4,5.6,27.0,85.5,1010.0,1.6,0.0
神戸市 須磨区,2025-06-25 20:00:00,34.0,良好,pm25,34.0,15.0,17.6,5.6,27.0,88.0,1010.0,1.1,0.0
神戸市 須磨区,2025-06-25 21:00:00,25.0,良好,pm25,25.0,12.0,12.8,9.3,27.0,83.0,1010.5,1.3,0.0
神戸市 須磨区,2025-06-25 22:00:00,25.0,良好,pm25,25.0,12.0,10.4,9.3,26.5,85.5,1011.0,1.8,0.0
神戸市 須磨区,2025-06-25 23:00:00,25.0,良好,pm25,25.0,10.0,8.0,9.3,27.0,78.0,1010.0,1.3,0.0
神戸市 須磨区,2025-06-26 01:00:00,10.0,良好,pm10,25.0,10.0,9.6,4.7,26.0,83.0,1010.0,0.8,0.0
神戸市 須磨区,2025-06-26 02:00:00,34.0,良好,pm25,34.0,10.0,8.8,4.7,27.0,78.0,1010.0,1.0,0.0
神戸市 須磨区,2025-06-26 03:00:00,25.0,良好,pm25,25.0,10.0,6.4,7.5,27.0,78.0,1010.0,1.4,0.0
神戸市 須磨区,2025-06-26 04:00:00,21.0,良好,pm25,21.0,9.0,6.4,6.5,27.0,78.0,1009.0,1.6,0.0
神戸市 須磨区,2025-06-26 05:00:00,21.0,良好,pm25,21.0,10.0,4.8,7.5,26.5,85.5,1009.0,1.0,0.0
神戸市 須磨区,2025-06-26 06:00:00,30.0,良好,pm25,30.0,10.0,4.0,7.5,28.0,78.0,1008.5,1.4,0.0
神戸市 須磨区,2025-06-26 07:00:00,34.0,良好,pm25,34.0,13.0,3.2,9.3,28.0,78.0,1008.0,1.3,0.0
神戸市 須磨区,2025-06-26 08:00:00,42.0,良好,pm25,42.0,14.0,5.6,6.5,27.0,88.0,1009.0,2.4,0.0
神戸市 須磨区,2025-06-26 09:00:00,25.0,良好,pm25,25.0,13.0,8.8,4.7,24.6,97.6,1009.0,2.6,0.0
神戸市 須磨区,2025-06-26 10:00:00,21.0,良好,pm25,21.0,7.0,20.8,3.8,24.6,96.0,1009.6,2.6,0.0
神戸市 須磨区,2025-06-26 11:00:00,30.0,良好,pm25,30.0,11.0,20.8,2.8,25.0,94.0,1009.5,6.4,0.0
神戸市 須磨区,2025-06-26 12:00:00,25.0,良好,pm25,25.0,9.0,19.2,3.8,26.5,91.0,1009.0,3.8,0.0
神戸市 須磨区,2025-06-26 13:00:00,25.0,良好,pm25,25.0,10.0,25.6,2.8,27.0,85.5,1008.5,2.6,0.0
神戸市 須磨区,2025-06-26 14:00:00,46.0,良好,pm25,46.0,12.0,9.6,20.4,25.3,96.0,1008.0,1.1,0.0
神戸市 須磨区,2025-06-26 15:00:00,42.0,良好,pm25,42.0,15.0,9.6,25.1,25.0,94.0,1008.0,1.9,0.0
神戸市 須磨区,2025-06-26 16:00:00,42.0,良好,pm25,42.0,14.0,18.4,11.2,27.0,83.0,1007.0,1.2,0.0
神戸市 須磨区,2025-06-26 17:00:00,53.0,普通,pm25,53.0,16.0,18.4,11.2,27.0,83.0,1007.0,1.6,0.0
神戸市 須磨区,2025-06-26 18:00:00,46.0,良好,pm25,46.0,15.0,18.4,11.2,27.0,80.2,1004.7,0.9,99.0
神戸市 須磨区,2025-06-26 19:00:00,46.0,良好,pm25,46,15,17.6,12.1,26.9,79.2,1005.1,0.9,99
